timestamp	board	os	model	precision	imgsz	provider	threads	task	duty	idle_W	load_W_mean	load_W_min	load_W_max	load_net_W	decisions_per_s	mJ_per_decision_gross	mJ_per_decision_net	readings_n	meter	meter_host	sample_window	latency_row_timestamp
2026-09-04 14:07:10 	raspberry_pi_4_model_b_rev_1.2_3.7gi_debian_trixie_bare_no_fan	Debian GNU/Linux 13 (trixie); kernel 6.18.34+rpt-rpi-v8	t1_nano_k025_t024_s1_n_s1_best_e2_384.onnx	fp32_onnxruntime_cpu	384	CPUExecutionProvider	4	detect	continuous	2.610	6.560	6.300	6.700	3.950	6.500	1009.231	607.692	10	Shelly Plug M Gen3	http://shellyplugmg3-08927241b9d8.local/rpc/Switch.GetStatus?id=0	10 readings every 30 s after 180 s of a >=10 min load loop; idle settled 5 min then 10 readings every 30 s	2026-09-04 13:07
2026-09-04 14:07:11 	raspberry_pi_5_model_b_rev_1.0_7.9gi_debian_trixie_fan	Debian GNU/Linux 13 (trixie); kernel 6.18.34+rpt-rpi-2712	t1_nano_k025_t024_s1_n_s1_best_e2_384.onnx	fp32_onnxruntime_cpu	384	CPUExecutionProvider	4	detect	continuous	3.080	13.620	13.000	13.900	10.540	24.300	560.494	433.745	10	Shelly Plug M Gen3	http://shellyplugmg3-08927245a69c.local/rpc/Switch.GetStatus?id=0	10 readings every 30 s after 180 s of a >=10 min load loop; idle settled 5 min then 10 readings every 30 s	2026-09-04 14:05
2026-09-04 14:21:33 	raspberry_pi_4_model_b_rev_1.2_3.7gi_debian_trixie_bare_no_fan	Debian GNU/Linux 13 (trixie); kernel 6.18.34+rpt-rpi-v8	t1_nano_k025_t024_s1_n_s1_best_e2_640.onnx	fp32_onnxruntime_cpu	640	CPUExecutionProvider	4	detect	continuous	2.610	5.990	5.900	6.200	3.380	2.300	2604.348	1469.565	10	Shelly Plug M Gen3	http://shellyplugmg3-08927241b9d8.local/rpc/Switch.GetStatus?id=0	10 readings every 30 s after 180 s of a >=10 min load loop; idle settled 5 min then 10 readings every 30 s	2026-09-04 13:21
2026-09-04 14:21:34 	raspberry_pi_5_model_b_rev_1.0_7.9gi_debian_trixie_fan	Debian GNU/Linux 13 (trixie); kernel 6.18.34+rpt-rpi-2712	t1_nano_k025_t024_s1_n_s1_best_e2_640.onnx	fp32_onnxruntime_cpu	640	CPUExecutionProvider	4	detect	continuous	3.080	12.730	12.400	13.300	9.650	8.000	1591.250	1206.250	10	Shelly Plug M Gen3	http://shellyplugmg3-08927245a69c.local/rpc/Switch.GetStatus?id=0	10 readings every 30 s after 180 s of a >=10 min load loop; idle settled 5 min then 10 readings every 30 s	2026-09-04 14:19
2026-09-04 14:35:44 	raspberry_pi_4_model_b_rev_1.2_3.7gi_debian_trixie_bare_no_fan	Debian GNU/Linux 13 (trixie); kernel 6.18.34+rpt-rpi-v8	canon_bfi_n_s1_best_e18_640.onnx	fp32_onnxruntime_cpu	640	CPUExecutionProvider	4	detect	continuous	2.610	5.950	5.800	6.000	3.340	2.400	2479.167	1391.667	10	Shelly Plug M Gen3	http://shellyplugmg3-08927241b9d8.local/rpc/Switch.GetStatus?id=0	10 readings every 30 s after 180 s of a >=10 min load loop; idle settled 5 min then 10 readings every 30 s	2026-09-04 13:35
2026-09-04 14:35:45 	raspberry_pi_5_model_b_rev_1.0_7.9gi_debian_trixie_fan	Debian GNU/Linux 13 (trixie); kernel 6.18.34+rpt-rpi-2712	canon_bfi_n_s1_best_e18_640.onnx	fp32_onnxruntime_cpu	640	CPUExecutionProvider	4	detect	continuous	3.080	12.760	12.300	13.300	9.680	8.000	1595.000	1210.000	10	Shelly Plug M Gen3	http://shellyplugmg3-08927245a69c.local/rpc/Switch.GetStatus?id=0	10 readings every 30 s after 180 s of a >=10 min load loop; idle settled 5 min then 10 readings every 30 s	2026-09-04 14:34
2026-09-04 14:50:17 	raspberry_pi_4_model_b_rev_1.2_3.7gi_debian_trixie_bare_no_fan	Debian GNU/Linux 13 (trixie); kernel 6.18.34+rpt-rpi-v8	t1_nano_k025_t024_s1_s_s3_best_e3_384.onnx	fp32_onnxruntime_cpu	384	CPUExecutionProvider	4	detect	continuous	2.610	6.120	6.000	6.400	3.510	2.300	2660.870	1526.087	10	Shelly Plug M Gen3	http://shellyplugmg3-08927241b9d8.local/rpc/Switch.GetStatus?id=0	10 readings every 30 s after 180 s of a >=10 min load loop; idle settled 5 min then 10 readings every 30 s	2026-09-04 13:50
2026-09-04 14:50:18 	raspberry_pi_5_model_b_rev_1.0_7.9gi_debian_trixie_fan	Debian GNU/Linux 13 (trixie); kernel 6.18.34+rpt-rpi-2712	t1_nano_k025_t024_s1_s_s3_best_e3_384.onnx	fp32_onnxruntime_cpu	384	CPUExecutionProvider	4	detect	continuous	3.080	14.320	14.000	14.500	11.240	8.600	1665.116	1306.977	10	Shelly Plug M Gen3	http://shellyplugmg3-08927245a69c.local/rpc/Switch.GetStatus?id=0	10 readings every 30 s after 180 s of a >=10 min load loop; idle settled 5 min then 10 readings every 30 s	2026-09-04 14:48
2026-09-04 15:04:41 	raspberry_pi_4_model_b_rev_1.2_3.7gi_debian_trixie_bare_no_fan	Debian GNU/Linux 13 (trixie); kernel 6.18.34+rpt-rpi-v8	yolo26n_cls_224_gate.onnx	fp32_onnxruntime_cpu	224	CPUExecutionProvider	4	classify	continuous	2.610	6.050	5.900	6.500	3.440	27.200	222.426	126.471	10	Shelly Plug M Gen3	http://shellyplugmg3-08927241b9d8.local/rpc/Switch.GetStatus?id=0	10 readings every 30 s after 180 s of a >=10 min load loop; idle settled 5 min then 10 readings every 30 s	2026-09-04 14:04
2026-09-04 15:04:41 	raspberry_pi_5_model_b_rev_1.0_7.9gi_debian_trixie_fan	Debian GNU/Linux 13 (trixie); kernel 6.18.34+rpt-rpi-2712	yolo26n_cls_224_gate.onnx	fp32_onnxruntime_cpu	224	CPUExecutionProvider	4	classify	continuous	3.080	14.240	14.000	14.400	11.160	119.300	119.363	93.546	10	Shelly Plug M Gen3	http://shellyplugmg3-08927245a69c.local/rpc/Switch.GetStatus?id=0	10 readings every 30 s after 180 s of a >=10 min load loop; idle settled 5 min then 10 readings every 30 s	2026-09-04 15:02
2026-09-04 21:26:23 	raspberry_pi_4_model_b_rev_1.1_3.7gi_debian_trixie_heatsinks_no_fan	Debian GNU/Linux 13 (trixie); kernel 6.18.34+rpt-rpi-v8	t1_nano_k025_t024_s1_n_s1_best_e2_384.onnx	fp32_onnxruntime_cpu	384	CPUExecutionProvider	4	detect	continuous	2.440	6.510	6.300	6.800	4.070	6.700	971.642	607.463	10	Shelly Plug M Gen3	http://shellyplugmg3-08927241b9d8.local/rpc/Switch.GetStatus?id=0	10 readings every 30 s after 180 s of a >=10 min load loop; idle settled 5 min then 10 readings every 30 s	2026-09-04 20:26
2026-09-04 21:40:33 	raspberry_pi_4_model_b_rev_1.1_3.7gi_debian_trixie_heatsinks_no_fan	Debian GNU/Linux 13 (trixie); kernel 6.18.34+rpt-rpi-v8	t1_nano_k025_t024_s1_n_s1_best_e2_640.onnx	fp32_onnxruntime_cpu	640	CPUExecutionProvider	4	detect	continuous	2.440	6.280	6.000	6.800	3.840	2.400	2616.667	1600.000	10	Shelly Plug M Gen3	http://shellyplugmg3-08927241b9d8.local/rpc/Switch.GetStatus?id=0	10 readings every 30 s after 180 s of a >=10 min load loop; idle settled 5 min then 10 readings every 30 s	2026-09-04 20:40
2026-09-04 21:54:34 	raspberry_pi_4_model_b_rev_1.1_3.7gi_debian_trixie_heatsinks_no_fan	Debian GNU/Linux 13 (trixie); kernel 6.18.34+rpt-rpi-v8	canon_bfi_n_s1_best_e18_640.onnx	fp32_onnxruntime_cpu	640	CPUExecutionProvider	4	detect	continuous	2.440	6.350	6.100	6.600	3.910	2.400	2645.833	1629.167	10	Shelly Plug M Gen3	http://shellyplugmg3-08927241b9d8.local/rpc/Switch.GetStatus?id=0	10 readings every 30 s after 180 s of a >=10 min load loop; idle settled 5 min then 10 readings every 30 s	2026-09-04 20:54
2026-09-04 22:09:14 	raspberry_pi_4_model_b_rev_1.1_3.7gi_debian_trixie_heatsinks_no_fan	Debian GNU/Linux 13 (trixie); kernel 6.18.34+rpt-rpi-v8	t1_nano_k025_t024_s1_s_s3_best_e3_384.onnx	fp32_onnxruntime_cpu	384	CPUExecutionProvider	4	detect	continuous	2.440	6.420	6.100	6.600	3.980	2.300	2791.304	1730.435	10	Shelly Plug M Gen3	http://shellyplugmg3-08927241b9d8.local/rpc/Switch.GetStatus?id=0	10 readings every 30 s after 180 s of a >=10 min load loop; idle settled 5 min then 10 readings every 30 s	2026-09-04 21:09
2026-09-04 22:23:05 	raspberry_pi_4_model_b_rev_1.1_3.7gi_debian_trixie_heatsinks_no_fan	Debian GNU/Linux 13 (trixie); kernel 6.18.34+rpt-rpi-v8	yolo26n_cls_224_gate.onnx	fp32_onnxruntime_cpu	224	CPUExecutionProvider	4	classify	continuous	2.440	6.120	5.900	6.700	3.680	28.300	216.254	130.035	10	Shelly Plug M Gen3	http://shellyplugmg3-08927241b9d8.local/rpc/Switch.GetStatus?id=0	10 readings every 30 s after 180 s of a >=10 min load loop; idle settled 5 min then 10 readings every 30 s	2026-09-04 21:23
2026-09-05 10:27:12 	NVIDIA Jetson Nano Developer Kit	Ubuntu 18.04.6 LTS; L4T R32 (release), REVISION: 7.1, GCID: 29818004, BOARD: t210ref, EABI: aarch64, DATE: Sat Feb 19 17:05:08 UTC 2022; kernel 4.9.253-tegra; TensorRT 8201; nvpmodel MAXN; jetson_clocks on	t1_nano_k025_t024_s1_n_s1_best_e2_384.onnx	FP16	384	TensorRT trtexec		detect	continuous	3.020	9.290	9.000	9.600	6.270	52.612	176.576	119.174	10	Shelly Plug M Gen3	http://shellyplugmg3-08927245a69c.local/rpc/Switch.GetStatus?id=0	10 readings every 30 s after 180 s of a >=10 min trtexec load; idle settled 5 min then 10 readings every 30 s	2026-09-03 14:01:35 CEST
2026-09-05 10:39:25 	NVIDIA Jetson Nano Developer Kit	Ubuntu 18.04.6 LTS; L4T R32 (release), REVISION: 7.1, GCID: 29818004, BOARD: t210ref, EABI: aarch64, DATE: Sat Feb 19 17:05:08 UTC 2022; kernel 4.9.253-tegra; TensorRT 8201; nvpmodel MAXN; jetson_clocks on	t1_nano_k025_t024_s1_n_s1_best_e2_512.onnx	FP16	512	TensorRT trtexec		detect	continuous	3.020	9.930	9.800	10.100	6.910	34.002	292.043	203.224	10	Shelly Plug M Gen3	http://shellyplugmg3-08927245a69c.local/rpc/Switch.GetStatus?id=0	10 readings every 30 s after 180 s of a >=10 min trtexec load; idle settled 5 min then 10 readings every 30 s	2026-09-03 14:12:22 CEST
2026-09-05 10:51:37 	NVIDIA Jetson Nano Developer Kit	Ubuntu 18.04.6 LTS; L4T R32 (release), REVISION: 7.1, GCID: 29818004, BOARD: t210ref, EABI: aarch64, DATE: Sat Feb 19 17:05:08 UTC 2022; kernel 4.9.253-tegra; TensorRT 8201; nvpmodel MAXN; jetson_clocks on	t1_nano_k025_t024_s1_n_s1_best_e2_640.onnx	FP16	640	TensorRT trtexec		detect	continuous	3.020	10.250	10.100	10.300	7.230	21.822	469.709	331.317	10	Shelly Plug M Gen3	http://shellyplugmg3-08927245a69c.local/rpc/Switch.GetStatus?id=0	10 readings every 30 s after 180 s of a >=10 min trtexec load; idle settled 5 min then 10 readings every 30 s	2026-09-03 14:24:39 CEST
2026-09-05 11:03:49 	NVIDIA Jetson Nano Developer Kit	Ubuntu 18.04.6 LTS; L4T R32 (release), REVISION: 7.1, GCID: 29818004, BOARD: t210ref, EABI: aarch64, DATE: Sat Feb 19 17:05:08 UTC 2022; kernel 4.9.253-tegra; TensorRT 8201; nvpmodel MAXN; jetson_clocks on	canon_bfi_n_s1_best_e18_384.onnx	FP16	384	TensorRT trtexec		detect	continuous	3.020	10.380	10.300	10.400	7.360	52.612	197.292	139.891	10	Shelly Plug M Gen3	http://shellyplugmg3-08927245a69c.local/rpc/Switch.GetStatus?id=0	10 readings every 30 s after 180 s of a >=10 min trtexec load; idle settled 5 min then 10 readings every 30 s	2026-09-03 14:34:02 CEST
2026-09-05 11:16:02 	NVIDIA Jetson Nano Developer Kit	Ubuntu 18.04.6 LTS; L4T R32 (release), REVISION: 7.1, GCID: 29818004, BOARD: t210ref, EABI: aarch64, DATE: Sat Feb 19 17:05:08 UTC 2022; kernel 4.9.253-tegra; TensorRT 8201; nvpmodel MAXN; jetson_clocks on	canon_bfi_n_s1_best_e18_512.onnx	FP16	512	TensorRT trtexec		detect	continuous	3.020	10.370	10.200	10.400	7.350	34.004	304.968	216.154	10	Shelly Plug M Gen3	http://shellyplugmg3-08927245a69c.local/rpc/Switch.GetStatus?id=0	10 readings every 30 s after 180 s of a >=10 min trtexec load; idle settled 5 min then 10 readings every 30 s	2026-09-03 14:44:54 CEST
2026-09-05 11:28:14 	NVIDIA Jetson Nano Developer Kit	Ubuntu 18.04.6 LTS; L4T R32 (release), REVISION: 7.1, GCID: 29818004, BOARD: t210ref, EABI: aarch64, DATE: Sat Feb 19 17:05:08 UTC 2022; kernel 4.9.253-tegra; TensorRT 8201; nvpmodel MAXN; jetson_clocks on	canon_bfi_n_s1_best_e18_640.onnx	FP16	640	TensorRT trtexec		detect	continuous	3.020	10.590	10.500	11.000	7.570	22.225	476.484	340.603	10	Shelly Plug M Gen3	http://shellyplugmg3-08927245a69c.local/rpc/Switch.GetStatus?id=0	10 readings every 30 s after 180 s of a >=10 min trtexec load; idle settled 5 min then 10 readings every 30 s	2026-09-03 14:57:11 CEST
2026-09-05 14:35:36 EEST	NVIDIA Jetson Orin Nano Engineering Reference Developer Kit Super	Ubuntu 22.04.5 LTS; kernel 5.15.148-tegra; L4T R36.4.2	t1_nano_k025_t024_s1_n_s1_best_e2_384.onnx	fp16_tensorrt	384	TensorRT		detect	continuous	8.180	15.690	15.600	15.700	7.510	428.602	36.607	17.522	10	Shelly Plug M Gen3	http://shellyplugmg3-08927245a69c.local/rpc/Switch.GetStatus?id=0	10 readings every 30 s after 180 s of a >=10 min trtexec load; idle settled 5 min then 10 readings every 30 s	2026-09-05 14:35:36 EEST
2026-09-05 14:47:47 EEST	NVIDIA Jetson Orin Nano Engineering Reference Developer Kit Super	Ubuntu 22.04.5 LTS; kernel 5.15.148-tegra; L4T R36.4.2	t1_nano_k025_t024_s1_n_s1_best_e2_512.onnx	fp16_tensorrt	512	TensorRT		detect	continuous	8.180	17.960	17.900	18.000	9.780	345.160	52.034	28.335	10	Shelly Plug M Gen3	http://shellyplugmg3-08927245a69c.local/rpc/Switch.GetStatus?id=0	10 readings every 30 s after 180 s of a >=10 min trtexec load; idle settled 5 min then 10 readings every 30 s	2026-09-05 14:47:47 EEST
2026-09-05 14:59:58 EEST	NVIDIA Jetson Orin Nano Engineering Reference Developer Kit Super	Ubuntu 22.04.5 LTS; kernel 5.15.148-tegra; L4T R36.4.2	t1_nano_k025_t024_s1_n_s1_best_e2_640.onnx	fp16_tensorrt	640	TensorRT		detect	continuous	8.180	19.640	19.600	19.700	11.460	251.625	78.053	45.544	10	Shelly Plug M Gen3	http://shellyplugmg3-08927245a69c.local/rpc/Switch.GetStatus?id=0	10 readings every 30 s after 180 s of a >=10 min trtexec load; idle settled 5 min then 10 readings every 30 s	2026-09-05 14:59:58 EEST
2026-09-05 15:12:10 EEST	NVIDIA Jetson Orin Nano Engineering Reference Developer Kit Super	Ubuntu 22.04.5 LTS; kernel 5.15.148-tegra; L4T R36.4.2	canon_bfi_n_s1_best_e18_384.onnx	fp16_tensorrt	384	TensorRT		detect	continuous	8.180	15.690	15.600	15.700	7.510	427.247	36.723	17.578	10	Shelly Plug M Gen3	http://shellyplugmg3-08927245a69c.local/rpc/Switch.GetStatus?id=0	10 readings every 30 s after 180 s of a >=10 min trtexec load; idle settled 5 min then 10 readings every 30 s	2026-09-05 15:12:10 EEST
2026-09-05 15:24:21 EEST	NVIDIA Jetson Orin Nano Engineering Reference Developer Kit Super	Ubuntu 22.04.5 LTS; kernel 5.15.148-tegra; L4T R36.4.2	canon_bfi_n_s1_best_e18_512.onnx	fp16_tensorrt	512	TensorRT		detect	continuous	8.180	18.020	18.000	18.100	9.840	344.146	52.361	28.593	10	Shelly Plug M Gen3	http://shellyplugmg3-08927245a69c.local/rpc/Switch.GetStatus?id=0	10 readings every 30 s after 180 s of a >=10 min trtexec load; idle settled 5 min then 10 readings every 30 s	2026-09-05 15:24:21 EEST
2026-09-05 15:36:32 EEST	NVIDIA Jetson Orin Nano Engineering Reference Developer Kit Super	Ubuntu 22.04.5 LTS; kernel 5.15.148-tegra; L4T R36.4.2	canon_bfi_n_s1_best_e18_640.onnx	fp16_tensorrt	640	TensorRT		detect	continuous	8.180	19.720	19.700	19.800	11.540	252.809	78.004	45.647	10	Shelly Plug M Gen3	http://shellyplugmg3-08927245a69c.local/rpc/Switch.GetStatus?id=0	10 readings every 30 s after 180 s of a >=10 min trtexec load; idle settled 5 min then 10 readings every 30 s	2026-09-05 15:36:32 EEST
