timestamp	video	kind	frames	frames_with_pseudo_box	frac_fp_frames	tp	fp	fn	precision	recall	annotated_frames	missed_frames
2026-08-28 06:38	RipBench-003	rip	159	51		19	2	45	0.905	0.297	64	43
2026-08-28 06:38	RipBench-006	rip	1235	1202		110	231	179	0.323	0.381	289	8
2026-08-28 06:38	RipBench-011	rip	82	82		82	9	0	0.901	1.000	82	0
2026-08-28 06:38	RipBench-020	rip	825	825		272	14	4	0.951	0.986	138	0
2026-08-28 06:38	RipBench-028	rip	316	312		58	0	50	1.000	0.537	54	0
2026-08-28 06:38	RipBench-029	rip	1330	1328		195	55	28	0.780	0.874	223	1
2026-08-28 06:38	RipBench-032	rip	812	812		136	0	0	1.000	1.000	136	0
2026-08-28 06:38	RipBench-033	rip	2516	2509		334	114	87	0.746	0.793	421	1
2026-08-28 06:38	RipBench-034	rip	3623	3622		601	17	4	0.972	0.993	605	0
2026-08-28 06:38	RipBench-036	rip	1238	1238		408	0	6	1.000	0.986	207	0
2026-08-28 06:38	RipBench-045	rip	9081	9081		2439	222	269	0.917	0.901	1516	0
2026-08-28 06:38	RipBench-050	rip	383	383		65	0	0	1.000	1.000	65	0
2026-08-28 06:38	RipBench-051	rip	404	404		68	0	0	1.000	1.000	68	0
2026-08-28 06:38	RipBench-054	rip	206	206		70	48	0	0.593	1.000	35	0
2026-08-28 06:38	RipBench-057	rip	478	471		39	65	119	0.375	0.247	81	1
2026-08-28 06:38	RipBench-058	rip	618	618		257	239	136	0.518	0.654	104	0
2026-08-28 06:38	RipBench-061	rip	252	252		126	47	89	0.728	0.586	43	0
2026-08-28 06:38	RipBench-062	rip	364	364		62	140	275	0.307	0.184	62	0
2026-08-28 06:38	RipBench-064	rip	986	723		1	131	164	0.008	0.006	165	45
2026-08-28 06:38	RipBench-065	rip	63	11		0	3	14	0.000	0.000	14	11
2026-08-28 06:38	RipBench-068	rip	180	180		50	23	22	0.685	0.694	31	0
2026-08-28 06:38	RipBench-070	rip	120	23		4	0	17	1.000	0.190	21	17
2026-08-28 06:38	RipBench-076	rip	1822	15		0	2	604	0.000	0.000	305	303
2026-08-28 06:38	RipBench-077	rip	2083	112		0	21	887	0.000	0.000	348	330
2026-08-28 06:38	RipBench-083	rip	845	793		133	0	9	1.000	0.937	142	9
2026-08-28 06:38	RipBench-085	rip	601	335		41	16	60	0.719	0.406	101	44
2026-08-28 06:38	RipBench-087	rip	2435	2435		383	52	228	0.880	0.627	204	0
2026-08-28 06:38	RipBench-089	rip	478	96		0	8	41	0.000	0.000	41	33
2026-08-28 06:38	RipBench-092	rip	88	86		15	0	1	1.000	0.938	16	1
2026-08-28 06:38	RipBench-093	rip	254	252		32	16	11	0.667	0.744	43	0
2026-08-28 06:38	RipBench-095	rip	215	213		43	0	1	1.000	0.977	44	1
2026-08-28 06:38	RipBench-096	rip	276	265		53	1	3	0.981	0.946	56	2
2026-08-28 06:38	RipBench-097	rip	827	792		86	47	53	0.647	0.619	139	8
2026-08-28 06:38	RipBench-100	rip	913	604		55	46	101	0.545	0.353	153	53
2026-08-28 06:38	RipBench-101	rip	1090	1090		332	17	34	0.951	0.907	183	0
2026-08-28 06:38	RipBench-105	rip	235	31		3	2	77	0.600	0.037	40	35
2026-08-28 06:38	RipBench-106	rip	1155	1115		71	260	122	0.215	0.368	193	5
2026-08-28 06:38	RipBench-107	rip	389	326		11	74	121	0.129	0.083	66	12
2026-08-28 06:38	RipBench-115	rip	1840	1826		107	92	47	0.538	0.695	154	2
2026-08-28 06:38	RipBench-118	rip	625	0		0	0	210	0.000	0.000	105	105
2026-08-28 06:38	RipBench-124	rip	109	81		0	15	19	0.000	0.000	19	6
2026-08-28 06:38	RipBench-126	rip	892	784		49	36	41	0.576	0.544	90	12
2026-08-28 06:38	RipBench-136	rip	336	0		0	0	71	0.000	0.000	71	71
2026-08-28 06:38	RipBench-148	rip	493	35		6	0	77	1.000	0.072	83	77
2026-08-28 06:38	RipBench-149	rip	548	548		50	42	42	0.543	0.543	92	0
2026-08-28 06:38	RipBench-NR-003	no-rip	929	0	0.0000							
2026-08-28 06:38	RipBench-NR-008	no-rip	1679	430	0.2561							
2026-08-28 06:38	RipBench-NR-010	no-rip	799	0	0.0000							
2026-08-28 06:38	RipBench-NR-012	no-rip	269	24	0.0892							
2026-08-28 06:38	RipBench-NR-015	no-rip	921	0	0.0000							
2026-08-28 06:38	RipBench-NR-017	no-rip	922	0	0.0000							
2026-08-28 06:38	RipBench-NR-018	no-rip	451	1	0.0022							
2026-08-28 06:38	RipBench-NR-025	no-rip	1828	0	0.0000							
2026-08-28 06:38	RipBench-NR-029	no-rip	381	5	0.0131							
2026-08-28 06:38	RipBench-NR-030	no-rip	437	192	0.4394							
2026-08-28 06:38	RipBench-NR-031	no-rip	3179	64	0.0201							
2026-08-28 06:38	RipBench-NR-033	no-rip	1981	102	0.0515							
2026-08-28 06:38	RipBench-NR-034	no-rip	1363	11	0.0081							
2026-08-28 06:38	RipBench-NR-035	no-rip	792	0	0.0000							
2026-08-28 06:38	RipBench-NR-039	no-rip	851	0	0.0000							
2026-08-28 06:38	RipBench-NR-044	no-rip	106	0	0.0000							
2026-08-28 06:38	RipBench-NR-048	no-rip	741	0	0.0000							
2026-08-28 06:38	RipBench-NR-049	no-rip	480	0	0.0000							
2026-08-28 06:38	RipBench-NR-057	no-rip	884	0	0.0000							
2026-08-28 06:38	RipBench-NR-058	no-rip	236	71	0.3008							
2026-08-28 06:38	RipBench-NR-068	no-rip	1153	0	0.0000							
2026-08-28 06:38	RipBench-NR-070	no-rip	326	0	0.0000							
2026-08-28 06:38	RipBench-NR-075	no-rip	405	0	0.0000							
2026-08-28 06:38	RipBench-NR-076	no-rip	334	0	0.0000							
2026-08-28 06:38	RipBench-NR-078	no-rip	415	0	0.0000							
2026-08-28 06:38	RipBench-NR-084	no-rip	750	0	0.0000							
2026-08-28 06:38	RipBench-NR-085	no-rip	609	0	0.0000							
2026-08-28 06:38	RipBench-NR-091	no-rip	827	110	0.1330							
2026-08-28 06:38	RipBench-NR-105	no-rip	806	0	0.0000							
2026-08-28 06:38	RipBench-NR-109	no-rip	360	0	0.0000							
2026-08-28 06:38	RipBench-NR-111	no-rip	316	0	0.0000							
2026-08-28 06:38	RipBench-NR-115	no-rip	1124	0	0.0000							
2026-08-28 06:38	RipBench-NR-117	no-rip	3108	20	0.0064							
2026-08-28 06:38	RipBench-NR-124	no-rip	115	0	0.0000							
2026-08-28 06:38	RipBench-NR-130	no-rip	199	0	0.0000							
2026-08-28 06:38	RipBench-NR-136	no-rip	1556	0	0.0000							
2026-08-28 06:38	RipBench-NR-149	no-rip	537	0	0.0000							
2026-08-28 06:38	POOLED no-rip (37 videos)	no-rip	32169	1030	0.0320							
2026-08-28 06:38	POOLED rip (45 videos)	rip				6866	2107	4368	0.765	0.611	7112	1236
