id	section	claim	numbers	source	verified_by	date	status
C01	5_edge cascade	Gate at .50, 1 Hz cuts the student's false clips 0.18->0.10, recall 0.74->0.61	0.175->0.100; 0.742->0.613	results/deployed_cascade_test_centercrop.tsv (deployed t1@384 rows)	ICRA2027-edge; Codex corrected_cascades.tsv dense_n	2026-09-12	verified
C02	5_edge cascade	RF-DETR-n behind the gate: 0.74 [0.58,0.90] rip videos, 0.08 [0.00,0.18] false clips (Orin, RPi 5); ungated 0.38 false	27/31 ungated -> 23/31 gated, 3/40; 15/40 ungated	deployed_cascade_test_centercrop.tsv (RF-DETR-n INTER_AREA rows); corrected_cascades.tsv row06/row10	ICRA2027-edge; Codex	2026-09-12	verified
C03	5_edge cascade	dense yolo26s 0.61 rip / 0.13 false; expert yolo26s 0.65 / 0.13 (tight confs .02/.07)	19/31,5/40; 20/31,5/40	deployed_cascade_test_centercrop.tsv v2; corrected_cascades.tsv dense_s / row09	ICRA2027-edge; Codex-critic (09-12 index)	2026-09-12	verified
C04	5_edge perboard	Cached pipeline latencies: RF-n 44 ms Orin 7 W (41.8-50.2 over 5), 400 ms RPi 5, 1646/1754 ms RPi 4; expert-s 411/424 ms RPi 4, 53 ms Nano; QAT2 46 ms FRDM	see numbers	results/device/integrated_measurements.tsv; imx95_frdm_measurements_20260912/cases/qat2/qat2/latency.tsv	ICRA2027-edge	2026-09-12	verified; FRDM 46 ms = cached pipeline at decode_conf .25 (excludes result conversion), not camera/exposure-to-alert latency (Codex-critic 2026-09-12)
C05	5_edge NPU	QAT2 native test F2 0.503 vs FP32 0.498, paired +0.005 [-0.004,+0.015]	.5032667/.4980662	results/device/imx95_npu_test_metrics.json; Codex-critic nxp_quality_scalar_audit.json	Codex-critic	2026-09-12	verified
C06	5_edge camera	Gated no-rip unit power: Orin 6.72, Nano 5.61, Pro 9.58, RPi 5 5.62, RPi 4 heatsink 5.21 W (Pi 4 camera runs = dense yolo26n); RPi 5 gate saves 44 % (10.10->5.62)	see numbers	results/camera_policy_rows.tsv <- results/device/camera_rows.tsv + pi4 result.json; Codex-critic camera_scalar_audit.json	ICRA2027-edge; Codex-critic	2026-09-12	verified; Pi 4 camera windows formally ACCEPTED: device_results/paper_writing_20260912/PI4_CAMERA_ACCEPTANCE_V1.json (16 windows, 112 hashes; source records unedited); whole camera table independently re-audited (Codex-critic camera_table_audit 2026-09-12: 55 rows, 434 artifact hashes, 0 mismatches)
C07	5_edge camera	Max-throughput decisions/s: Orin 18.6 (MAXN, RF-n), Nano 7.7 (expert-s), Pro 20.3 (QAT2), RPi 5 1.8 (RF-n), RPi 4 4.4 (dense yolo26n)	see table	camera_policy_rows.tsv	ICRA2027-edge	2026-09-12	verified numbers; interpretation = single-task ceiling only (Codex-critic); whole camera table independently re-audited (Codex-critic camera_table_audit 2026-09-12: 55 rows, 434 artifact hashes, 0 mismatches)
C08	5_edge budget	Illustrative budget: Orin gated no-rip 6.72 W -> 161 Wh/d, 58 W panel, 504 Wh (LFP DoD 0.8); RPi 4 heatsink 5.21 W -> 125 Wh/d, 45 W, 391 Wh; prices exclude board+camera and are not stated in the paper	see numbers	code/deployment_budget.py 2026-09-12	ICRA2027-edge; Codex-critic (disputed items removed)	2026-09-12	verified (illustrative); retained in Section IV.F (my 2026-09-14 22:32 'dropped' annotation was wrong: an escaped percent earlier on the line made my comment-stripping token scan drop the line; corrected on Codex-critic's overnight_build_table_review)
C09	5_edge tier	RPi 4 RF-DETR-n at 0.2 Hz behind the gate: 0.68 rip / 0.08 false (descriptive)	21/31, 3/40	results/device/corrected_cascades.tsv row02/row04	ICRA2027-edge	2026-09-12	verified (descriptive; fits-rule unchanged)
C10	5_edge protocol	Fidelity: four predeclared configs within 0.0002 F2 of x86 deployed graph; RF-n/s/m INTER_AREA export gates +0.005/+0.010/+0.004; expert-s -0.008 (Codex-critic recompute: .5064 vs .4986); RF-s cross-board 0.002	see numbers	results/device_eval_*.tsv (09-04); rfdetr_parity_val.tsv; export_fidelity_val.tsv; device_accuracy.tsv row07 vs row11	ICRA2027-edge	2026-09-12	verified
C11	5_edge duty	Dense yolo26n duty windows 5.14/5.08/5.01/4.98 W vs 5.04 W idle (engine-only); net mJ per decision 20.0/20.0/-30/-298 at 5/2/1/0.2 Hz -> no constant per-decision cost claim; gross near the platform floor	see numbers	device_results jetson_orin_duty_power.tsv; Codex-critic recompute	Codex-critic	2026-09-12	verified (constant-20 mJ claim withdrawn)
C12	5_edge HIL	RF-n replay: 30 detector calls on 70 ticks, 0 missed deadlines; fault runs report unknown/stale	30/70, 0	device_results/deployment_repair_20260907/orin_7W/20260907T131114_RFcascade_none/summary.json (+_disconnect/_stale/_overload)	ICRA2027-edge	2026-09-12	verified for the tested fixtures; 'never a silent negative' withdrawn (9/9 recheck fixtures emit VALID on loss during inference); repaired runtime: 60 s on-board callback-scope diagnostic passed (device_results/.../source_health_20260912/BOARD_VALIDATION.json, status passed_at_declared_callback_diagnostic_scope; software faults only, no physical USB reconnect/GUI/power/accuracy) - historical windows unchanged; 60 s callback diagnostic independently verified by Codex-critic (source_health_board_audit: closed-gate coverage, 7 unavailable/53 valid emissions, recovery ~1.03-1.05 s after suppression; not a physical reconnect experiment); Limitations clause accepted
C13	4_experiments	yolo26s dense +0.069 [+0.008,+0.136]; yolo26n +0.047 [-0.013,+0.104] (pooled paired bootstrap, RESULTS.md 'dense supervision (T1 teacher) - canonical'; the +0.048 previously recorded here is the mean of the three same-seed pair differences, not the paired-bootstrap point estimate; corrected 2026-09-14 on writer query); holdout (c)-(b+) +0.072 [+0.017,+0.141]	see numbers	paper/RESULTS.md (holdout + main results ledger)	ICRA2027-edge	2026-09-12	verified
D01	5_edge Protocol	Seven actual units, Pi4 cooling/revisions; camera model identities differ from cached fits winners	7 units; Pi4 4GB c03112/c03111; nano384/.04	device_results/pi4_bare_camera_20260912/provenance/cpu_student.py; pi4_heatsink_camera_20260911/provenance/cpu_student.py; imx95_frdm_setup_20260911/final_setup_audit.json; camera result physical_setup	Codex-test; independent critic review requested	2026-09-12T03:26:06+03:00	independently closed by Codex-critic (device_protocol_closure 2026-09-12) at recorded-provenance scope
D02	5_edge Protocol	Camera power integration and energy boundary; cached NXP sampling differs	camera1Hz; NXP10targets; E/N same observed interval	device_results/imx95_frdm_camera_20260912/provenance/collection_contract.py; imx95_frdm_measurements_20260912/README.md	Codex-test; independent critic review requested	2026-09-12T03:26:06+03:00	independently closed by Codex-critic (device_protocol_closure 2026-09-12) at recorded-provenance scope
D03	5_edge NPU	Normal FRDM QAT2 timings are cached pipeline and mixed NPU/CPU inference; native quality measured on Pro	46.03268/46.19251ms pipeline;34.381/34.545ms inference;6.81W;4.77W;313.023mJ	device_results/imx95_frdm_measurements_20260912/cases/qat2; imx95_frdm_deployment_20260912/provenance/selected_detector.py; nxp_selected_test_20260910/metrics.json	Codex-test; independent critic review requested	2026-09-12T03:26:06+03:00	independently verified down to timing arrays and fixed power samples (frdm_cached_scalar_audit: 16 hashes; 46.03/46.19 ms pipeline, 34.38/34.54 ms inference, 4.77/6.81 W, 21.76/s, 313.0/93.8 mJ). SCOPE: cached timing uses decode_conf .25 and excludes result-object conversion; cached power uses the deployment conf .04 and includes it - named protocol differences, not one full-loop workload; 46 ms is not an exposure-to-alert camera latency
D04	5_edge camera	Four600s camera policies; max warmup300s, frozen384/.04 Pi4/QAT2; recapture not native quality	4x600s per scene;300s warmup	device_results/pi4_bare_norip_20260912/PREPARATION.json; imx95_frdm_camera_20260912/PREPARATION.json	Codex-test; independent critic review requested	2026-09-12T03:26:06+03:00	independently closed by Codex-critic (device_protocol_closure 2026-09-12) at recorded-provenance scope
C40	5_edge camera	RPi 4 bare no-rip windows (dense yolo26n): det 1 Hz / gated / adaptive / max W and max dec/s	5.56 / 5.24 / 5.23 / 7.18; max 4.293/s	results/camera_policy_rows.tsv <- device_results/pi4_bare_norip_20260912/cases/norip/*/result.json	ICRA2027-edge (Codex-test HEALTH audits)	2026-09-12	verified; both Pi 4 camera runs use the dense yolo26n (not the fits-rule expert-s) - stated in Protocol; scalars independently verified by Codex-critic (16 windows/112 hashes); reporting_status in the source result.json is still pending_review -> Codex-test to add a versioned acceptance record; Pi 4 camera windows formally ACCEPTED: device_results/paper_writing_20260912/PI4_CAMERA_ACCEPTANCE_V1.json (16 windows, 112 hashes; source records unedited); whole camera table independently re-audited (Codex-critic camera_table_audit 2026-09-12: 55 rows, 434 artifact hashes, 0 mismatches)
C14	3_method;4_setup	Split counts and TRAIN-only construction	165/68/71 videos;31083/10369/9559 frames	RipBench_v1.2.0/labels/bbox_from_instance/yolo26/{train,val,test}.txt (sha256 ec8c2a31…/2d4e498b…/8a02c008…); data/train_frames_manifest.tsv (6e56a9de…); verification: plans/critic/codex/paper_edits/2026-09-12_training_manifest_audit.json	Codex-critic	2026-09-12T02:25:01.887023+02:00	independently verified (Codex-critic training_manifest_audit, 2026-09-12); artifact identities recorded
C15	3_method	Native and teacher label view sizes and smoothing	191619 native;191258 retained;155k/29k boxes; +/- .25s; IoU.5;tau.24	data/train_frames_manifest.tsv (sha256 6e56a9de…; n_extracted sum 191,619, check_ok all); icra_edge_views/t1_rfdetr_seg_nano_k0.25_t0.24_s1/build_info.json (31,083 expert + 160,175 dense = 191,258 images; 29,400 / 155,241 boxes; tau .24, k .25 s, IoU .5); audit json as above	Codex-critic	2026-09-12T02:25:01.887023+02:00	independently verified (Codex-critic training_manifest_audit, 2026-09-12); artifact identities recorded
C16	3_method	Model size FLOPs and training recipe	n2.5M/5.8G;s10M/22.5G;640px;batch32;300/50 vs60/15	training log summaries (unfused): yolo26n 2,504,190 params / 5.8 GFLOPs, yolo26s 9,948,638 / 22.5 GFLOPs (/mnt/linux/icra_edge/train_student_queue.log, sha256 3fe85edc28eb7c1688b541dfcfa370fec282d4ae14049294e92cbe2bd7a292bf); fused export 2,375,031 / 5.2 G and 9,465,567 / 20.5 G; optimizer=auto -> MuSGD(lr .01, momentum .9)	Codex-critic	2026-09-12T02:25:01.887023+02:00	independently verified (Codex-critic training_recipe_audit); paper says 'optimizer=auto' (was 'SGD')
C17	4_experiments table1	All mean/std/AP cells and density curve	all36 Table1 numeric cells; density curve separately source-matched	results/student_summary_by_variant.tsv; paper/RESULTS.md	Codex-critic	2026-09-12T02:39:59.996263+02:00	independently verified (Codex-critic main_table_scalar_audit): all 36 Table 1 cells
C18	4_holdout	Holdout allocation, counts, seeds and teacher quality	83/82;37 unlabelled no-rip;3 seeds n;2 seeds s;.577/.697 teacher	data/holdout_h50_seed0.tsv (sha256 4df5255d…; 83 labelled = 46 rip + 37 no-rip, 82 withheld = 45 + 37); paper/RESULTS.md holdout ledger; audit json as above	Codex-critic	2026-09-12T02:25:01.887023+02:00	independently verified (Codex-critic training_manifest_audit, 2026-09-12); artifact identities recorded
C19	4_holdout	Holdout control and full-label comparisons	.006[-.042,.039];-.011[-.056,.074];.066[.001,.162];.061[-.011,.171];-.025[-.224,.113]	paper/RESULTS.md DECISIVE RESULT; student_bootstrap_cis.tsv GROUP_PAIRS h50_*	Codex-critic	2026-09-12T02:25:01.887023+02:00	source-matched ledger; no equivalence claim
C20	4_holdout	Larger student uses interpolated half labels	.360/.416;2 seeds;.057[.005,.108]	paper/RESULTS.md holdout yolo26s rows	Codex-critic	2026-09-12T02:25:01.887023+02:00	source-matched ledger; title must allow capacity dependence
C21	4_holdout	Pseudo-label imperfections and empty-frame ablation	.765/.611;1236/7112 empty;1030/32169 no-rip;4/37 concentrated;.008[-.015,.030]	paper/RESULTS.md teacher_h50_unlabelled_stats.tsv; c-drop comparison	Codex-critic	2026-09-12T02:25:01.887023+02:00	source-matched ledger; c-drop1 vs c3 seeds
C22	4_main;4_ablations	Negatives, label smoothing, KD and schedules	.029[.001,.069];.020[-.009,.043];-.003[-.040,.0342];-.019[-.089,.029];-.026[-.074,.026]	paper/RESULTS.md Seed-pooled paired deltas	Codex-critic	2026-09-12T02:25:01.887023+02:00	source-matched ledger; unresolved is not no effect
C23	4_label_agreement	Teacher-interpolation agreement and difference	105724 frames;.985/.988;.915 medianIoU;.024[-.019,.105]	paper/RESULTS.md Why they match; Seed-pooled paired deltas	Codex-critic	2026-09-12T02:25:01.887023+02:00	source-matched ledger; similarity does not prove teacher can add no information
C24	4_main;6_limits	Per-video distribution	dense median.104 vs canonical.246;4 above.85;15 below.10;31rip40NR	results/pervideo_f2_test.tsv	Codex-critic	2026-09-12T02:25:01.887023+02:00	independently checked medians/counts; pooled-box scope
C25	4_alarm;5_edge	Causal smoothing and cadence gains	.026[.013,.042];.023[.017,.033];24/24;cadence+.025/+.033	paper/RESULTS.md smoothing sections; results/smoothing_at_cadence_val.tsv	Codex-critic	2026-09-12T02:39:59.996263+02:00	verified cadence VAL means .0248/.032933 for dense-n; paper now scopes smoothing gains to dense-n VAL and states the RF-n runtime is unsmoothed (C36); benchmark-checkpoint smoothing pair corrected to 0.437 -> 0.464 (paired baseline at val-selected conf .05 = 0.4369; the intro's 0.44 is the benchmark's own published recipe number) per Codex-critic smoothing_baseline_pair
C26	4_spacing	One-seed spacing sweep	.470/.520/.474/.432 at anchor strides2/4/8/16	paper/RESULTS.md Label-spacing sweep	Codex-critic	2026-09-12T02:25:01.887023+02:00	source-matched; equivalence claim removed (descriptive one-seed sweep)
C27	4_alarm	Strata, offline alarm coverage and gate preprocessing	22 elevated;17 moving;+.126/+.090;alarm .70+-.04/.76+-.04;84/96% transform agreement	paper/RESULTS.md strata/alarm; gate preprocessing review	Codex-critic	2026-09-12T02:25:01.887023+02:00	independently verified (Codex-critic alarm_strata_audit 2026-09-12: alarm means .763/.699, no-rip .358/.350, gate agreement .842/.962); strata wording hedged (intervals include zero), 'similar false-clip fractions', frozen-operating-point boundary stated in Limitations
C29	5_device_ladder	All table2 latency, accuracy and energy cells	all model/size/precision rows, named boundary	results/device/jetson_trtexec_latency.tsv; device_eval_*.tsv; power ledgers	Codex-critic	2026-09-12T02:25:01.887023+02:00	independently verified (Codex-critic device_table_cell_audit 2026-09-12: all 66 Table 2 cells mapped to source rows, 0 rounding mismatches; sources device_eval_tight.tsv, jetson_trtexec_latency.tsv, jetson_orin_latency_summary.tsv, orin_qdq_v3/power/power.tsv)
C30	5_protocol	Calibration sample count and class composition	128=85rip+43NR	plans/critic/codex/2026-09-06_monitoring.md manifest audit	Codex-critic	2026-09-12T02:25:01.887023+02:00	verified 128 = 85 rip + 43 no-rip; paper says '128 fixed training frames'
C31	5_classifier_only	Classifier-only alarm operating point	.9 threshold;.74rip/.23false;2.3x false clips	results/classify_only_alarm_test.tsv; classify_only_alarm_val.tsv	Codex-critic	2026-09-12T02:39:59.996263+02:00	independently verified (Codex-critic classifier_only_scalar_audit)
C32	5_gates	All original deployment gate rows and timing definitions	G1--G5 thresholds, outcomes,31/40 videos,1000bootstrap	paper/RESULTS.md; original deployment gate artifacts	Codex-critic	2026-09-12T02:25:01.887023+02:00	retain historical failures; source scope exact-row verification; G4 evidence cell corrected to the cached pipeline boundary: 6.1 ms (3.163+2.838+0.130 ms, MAXN in-process, jetson_orin_latency_summary.tsv dense-n 384 FP16 row = 163.1 fps), not the 2.44 ms trtexec engine time (Codex-critic g4_pipeline_boundary 2026-09-12)
C33	5_camera	Pi5 exemplar repeat spread	6repeats;per-policymaxrange.386627W	plans/critic/codex/2026-09-12_camera_scalar_audit.json; results/device/camera_rows.tsv	Codex-critic	2026-09-12T02:25:01.887023+02:00	verified per policy; retrospective selection retained
C34	3_method;5_protocol	Runtime settings and protocol claims	300frames50warmups3repeats;TRT300iterations5s;softwareversions;thermal65C	per-row device TSV and provenance manifests	Codex-critic	2026-09-12T02:25:01.887023+02:00	owner reconcile exceptions; ten fixed duty samples differ from1Hzcamera
C35	title;intro;conclusion	Supervision improves deployed alarms; all energy platform-floor	comparative causal claims	C01--C13; per-board selected models; camera rows	Codex-critic	2026-09-12T02:25:01.887023+02:00	disputed as generalizations; replacement framing supplied
C36	5_edge cadence	RF-n camera runtime decodes current-frame detections without temporal output smoothing	source-code scope; no new numeric result	night_camera_20260910/orin/provenance/run_rip_cascade.py:179; pi5_unattended_20260911/provenance/run_rip_cascade.py:176; latest_frame_runtime.py	Codex-critic	2026-09-12T02:39:59.996263+02:00	verified source inspection; separate dense-n VAL cadence gains
C41	5_edge camera	i.MX95 FRDM (normal board) rip windows, QAT2 NPU+CPU: det 1 Hz 7.04 W / gated 7.07 W / adaptive rejected (5.01 s power gap) / max 8.40 W at 19.5 dec/s	7.04 / 7.07 / -- / 8.40; 19.466/s	results/camera_policy_rows.tsv <- device_results/imx95_frdm_camera_20260912 (detector_only), imx95_frdm_camera_retry2_20260912 (cascade), imx95_frdm_camera_tail_20260912 (max); adaptive rejection retained in device_results	ICRA2027-edge (Codex-test terminal health audits; original reporting_status pending_review, superseded by FRDM_CAMERA_ACCEPTANCE_V1)	2026-09-12	formally accepted: device_results/paper_writing_20260912/FRDM_CAMERA_ACCEPTANCE_V1.json (power exclusions retained); scalars independently verified by Codex-critic
C42	5_edge camera	i.MX95 FRDM no-rip windows (QAT-n): gated 7.03 W with 0 detector calls and maximum 8.38 W at 19.6 dec/s accepted; detector-only and adaptive power-rejected (>=5 s gaps) -> no gated-saving figure quoted	7.03 W; 8.38 W / 19.607 per s; rej. x2	results/camera_policy_rows.tsv <- device_results/imx95_frdm_norip_20260912/cases/norip/*/result.json; Codex-critic frdm_norip_camera_audit.json (18 hashes)	ICRA2027-edge; Codex-critic	2026-09-12	formally accepted (FRDM_CAMERA_ACCEPTANCE_V1.json); scalars independently verified by Codex-critic (frdm_norip_camera_audit)
D05	5_edge precision ladder	Mode-invariant net energy and idle-only causal explanation withdrawn; named7W table energy cells retained	Approx16mJ invariance claim withdrawn	device_results/home_takeover_20260909/source_snapshot/plans/critic/codex/2026-09-06_ICRA2027-device_table_ingestion.md, item2 and partial closure; no new inference	Codex-test; earlier Codex-critic objection	2026-09-12T04:58:47+03:00	unsupported generalization removed; does not alter verified Table III cells
C43	5_edge tier	RPi 4 / Nano deploy the expert-label yolo26s by the declared rule: validation alarm-level video-F2 0.861 (expert-s, frame conf .07) vs 0.845 (dense-s, frame conf .02); on the Orin test read 20/31 vs 19/31 rip videos, 5/40 false clips both (Nano expert-s: 6/40)	0.861 vs 0.845 (val)	results/alarm_op_rule_val.tsv (frame_vF2 column at the retained frame operating points; alarm_vF2 is the rejected alternative threshold); paper/TEST_CONSUMPTION.md pre-declaration 4 amended 2026-09-07 (before the extended reads)	ICRA2027-edge	2026-09-12	verified (val-side selection, pre-declared); Codex-critic selection_rule_closure 2026-09-12
L01	2_related (literature, qualitative)	Chuang, Chen & Lien 2026, J. Mar. Sci. Eng. 14(5):496 (doi 10.3390/jmse14050496): deep-learning rip-current warning framework = automated detection (YOLOv4) + adaptive time-averaged imagery + expert verification (lifeguards / beach-management officers) before an alert; pilot tested on live coastal webcam data from a government-owned pan-tilt-zoom webcam (Taitung County, Taiwan); training and inference on a workstation with an NVIDIA RTX 3090. Qualitative positioning only; no performance number of theirs is compared with ours.	none (qualitative)	Crossref metadata + Semantic Scholar abstract (2026-09-14); full text PDF (the PI's copy, 25 pp.): 'Pilot testing using live coastal webcam data'; 'The Taitung government has installed a pan-tilt-zoom webcam'; Table 2 'Government-owned'; 'Training and inference were performed on a workstation ... NVIDIA RTX 3090 GPU (24 GB)'; expert-verification sentence in the abstract	ICRA2027-edge	2026-09-14	verified (full text)
L02	2_related (literature, qualitative)	Khan et al. 2025, Front. Mar. Sci. 12 (doi 10.3389/fmars.2025.1549513): RipFinder, a mobile app detecting rip currents in real time through the phone camera; client-server ML design that works with or without internet connectivity; educational and citizen-science functions. Qualitative positioning only.	none (qualitative)	Crossref metadata + Semantic Scholar abstract (2026-09-14): 'mobile app ... phone's camera to identify these hazardous rip currents in real time'; 'client-server ML model-based computer vision system'; 'function with or without internet connectivity'	ICRA2027-edge	2026-09-14	verified (abstract)
L03	2_related (literature, qualitative)	Khan et al. 2025, IEEE JSTARS 18 (doi 10.1109/JSTARS.2025.3543695): RipScout, real-time ML rip detection running on the drone controller (lightweight models, no internet), automated hover-and-circle data collection on detection, field-tested; releases a multi-viewpoint dataset. Its own 93.1% accuracy / 17 fps figures are not comparable with ours and are not to be quoted as a comparison.	none (qualitative)	Crossref metadata + Semantic Scholar abstract (2026-09-14): 'realtime rip current detection and data collection using drones'; 'lightweight ML models ... with the drone controller'; 'No internet connection is required'; 'We conducted field tests'	ICRA2027-edge	2026-09-14	verified (abstract)
L04	2_related (literature, qualitative)	RipFinder (Khan et al. 2025, doi 10.3389/fmars.2025.1549513): its test-video comparison results are used to justify the client/server model design choices (Sec. 5.1: 'Based on these results, we can justify the following two design choices we made'; Sec. 5.4.2: chosen models evaluated on a server GPU, an iPhone 12 Pro and a Pixel 6 'to determine the best-fit models for each platform'); Sec. 6.1 leaves 'a systematic evaluation of model generalization across different data sources and acquisition methods' to future work; the app runs client-side models with or without internet (Secs. 3.1, 5.3.3). Qualitative; states a selection scope, asserts no train/test leakage.	none (qualitative)	Frontiers full article read 2026-09-14 (quotes above)	ICRA2027-edge	2026-09-14	verified (full text)
L05	2_related (literature, qualitative)	Ishikawa, Shimada & Komine 2023, Japanese Journal of JSCE 79(17), doi 10.2208/jscejj.23-17012: an AI rip-current detection model created for Yuigahama beach (Kamakura) and 'actually operat[ed] ... on the study beach during summer season'; the paper reports its own accuracy/precision/recall (88/17/100 %) which are not comparable with ours and are not to be quoted as a comparison. Cite operation, not efficacy.	none (qualitative)	Crossref metadata + J-STAGE English abstract read 2026-09-14	ICRA2027-edge	2026-09-14	verified (abstract)
L06	2_related (literature, qualitative)	Kamakura City press notice, 1 July 2025 (city.kamakura.kanagawa.jp/kisya/data/2025/20250701-3.html): the 'Sea Monitoring System' analyses beach cameras with AI to detect dangerous rip currents and notifies swimmers and lifesavers; operating at Yuigahama since 2022 and Zaimokuza since 2024; introduced by Kamakura City with cooperation from the Japan Lifesaving Association and Chuo University and support from the Nippon Foundation; FY2025 adds a public web app (WaterSafetyeye). Documents routine seasonal operation by a municipality; no detector-accuracy audit.	none (qualitative)	primary municipal page fetched 2026-09-14 (Japanese; key sentence quoted in REQUESTS_TO_EDGE REPLY 6)	ICRA2027-edge	2026-09-14	verified (primary page)
L07	2_related (literature, qualitative)	Republic of Korea, Ministry of Oceans and Fisheries notice, 29 June 2026 (korea.kr, newsId=148967197): seasonal (June-September) rip-current monitoring service at 10 beaches (Haeundae, Songjeong, Imrang, Gyeongpo, Naksan, Sokcho, Mangsang, Daecheon, Jungmun, Goraebul) offering a four-level rip-current index (관심→주의→위험→경계), AI-based real-time CCTV video and ocean-observation information, published through the mobile app and the KHOA website; the notice lists these as service components and does not state how the index is computed. Documents an operating government service; no audited detector accuracy and no link to the papers above.	none (qualitative)	primary government page fetched 2026-09-14 (Korean; key phrase: '4단계 이안류지수 ... AI 기반 실시간 CCTV 영상 · 해양관측정보')	ICRA2027-edge	2026-09-14	verified (primary page)
L08	method source	RF-DETR (teacher RF-DETR-Seg-nano and reference detector RF-DETR-n/s): Robinson, Robicheaux, Popov, Ramanan, Peri, 'RF-DETR: Neural Architecture Search for Real-Time Detection Transformers', arXiv:2511.09554 (v2 2026-02-03, lists ICLR 2026 acceptance per Codex-critic); cite consistently as the preprint or ICLR 2026.	none	arXiv API 2026-09-14 (id 2511.09554v2, published 2025-11-12)	ICRA2027-edge	2026-09-14	verified (arXiv metadata)
L09	method source	YOLO26 students/gate (yolo26n, yolo26s, yolo26n-cls, yolo26x KD teacher): Jocher, Qiu, Liu, Lyu, Akyon, Kalfaoglu, 'Ultralytics YOLO26: Unified Real-Time End-to-End Vision Models', arXiv:2606.03748, 2026 (the official model paper requested by docs.ultralytics.com/models/yolo26; not the unrelated third-party YOLO26 overviews).	none	arXiv API 2026-09-14 (id 2606.03748v1, published 2026-06-02)	ICRA2027-edge	2026-09-14	verified (arXiv metadata)
L10	method source	DINOv2 backbone of RF-DETR: Oquab, Darcet, Moutakanni, Vo et al., 'DINOv2: Learning Robust Visual Features without Supervision', arXiv:2304.07193, 2023 (TMLR 2024).	none	arXiv API 2026-09-14 (id 2304.07193v2)	ICRA2027-edge	2026-09-14	verified (arXiv metadata)
L11	method source	COCO initialisation of the students: Lin, Maire, Belongie et al., 'Microsoft COCO: Common Objects in Context', ECCV 2014, LNCS, Springer, doi 10.1007/978-3-319-10602-1_48.	none	Crossref 2026-09-14	ICRA2027-edge	2026-09-14	verified (Crossref)
L12	method source	Video-level bootstrap intervals (B = 1000): Efron & Tibshirani, 'An Introduction to the Bootstrap', Springer, 1993, doi 10.1007/978-1-4899-4541-9.	none	Crossref 2026-09-14	ICRA2027-edge	2026-09-14	verified (Crossref)
L13	method source	Explicit Q/DQ INT8 quantisation and calibration: Wu, Judd, Zhang, Isaev, Micikevicius, 'Integer Quantization for Deep Learning Inference: Principles and Empirical Evaluation', arXiv:2004.09602, 2020.	none	arXiv API 2026-09-14 (id 2004.09602v1)	ICRA2027-edge	2026-09-14	verified (arXiv metadata)
L14	method source	Knowledge distillation (origin, optional if space): Hinton, Vinyals, Dean, 'Distilling the Knowledge in a Neural Network', arXiv:1503.02531, 2015. Detector KD (chen2017) and FGD (key zhang2021lgd = Yang et al. CVPR 2022) already cited.	none	arXiv API 2026-09-14 (id 1503.02531v1)	ICRA2027-edge	2026-09-14	verified (arXiv metadata)
C44	4_experiments alarm definition	Alarm event definition used by every alarm-level number: ticks are sampled from the kept-frame sequence at the duty cycle (1 Hz unless stated); a tick is positive iff the gate is open (prob >= 0.50; always open without a gate) AND the detector emits a box at or above the validation-frozen confidence; K = N = 1 (no persistence) for the deployed configuration; a rip video is alarmed if any positive tick occurs at or after its first expert-annotated rip frame (t0); a no-rip clip is false-alarmed if it contains any positive tick; time-to-alarm = first positive tick >= t0 minus t0, summarised (median/p90) over alarmed videos only.	definition	paper/scripts/event_metrics.py replay() lines 84-96 (flags = gate_open and positives; k-of-n window), lines 122-135 (hit = any alarm >= t0; TTA from 'after'); paper/scripts/deployed_cascade_metrics.py K, N = 1, 1 (line 42), hit/fa (lines 69-77)	ICRA2027-edge	2026-09-14	verified (code read; no computation)
C45	IV-B selection rule (review item a.02)	Validation ranking used for board selection: video-F2 (5TP/(5TP+4FN+FP) over rip videos alarmed/silent and false-alarmed no-rip clips) at 1 Hz, gate 0.50, K=N=1, each detector at its validation-selected frame-F2 confidence: RF-DETR-n 0.872 (conf .23), expert-label yolo26s 0.861 (.07), dense yolo26s 0.845 (.02), RF-DETR-s 0.845 (.26), RF-DETR-m 0.833 (.31), dense yolo26n 0.811 (.04); the subsequent alarm-threshold sweep kept every frame confidence (gain <= +0.028, verdict KEEP FRAME OP for all six). Tie-break WAS declared in the amended pre-declaration 4 (paper/TEST_CONSUMPTION.md, 2026-09-07 06:43: 'ties -> smaller model'); the only equal pair (dense yolo26s / RF-DETR-s, 0.845) never decided a selection (both below RF-DETR-n on the Pi 5). [My 2026-09-15 16:24 'no tie-break declared' claim was wrong; corrected on the writer's Request 17.] Ranking uses stored workstation (x86) validation dumps; board replay uses the 640 px INTER_AREA JPEG copies (make_ws_copy_dumps.py).	0.872/0.861/0.845/0.845/0.833/0.811	results/alarm_op_rule_val.tsv (frame_conf, frame_vF2, verdict); alarm_op_rule_val.py GATE, DUTY, K, N = 0.50, 1.0, 1, 1; board_bench.letterbox INTER_LINEAR; make_ws_copy_dumps.py docstring	ICRA2027-edge	2026-09-15	verified
C46	Fig. 5 / IV (review item a.08, m.03) expert-label vs dense yolo26s per video	Per-video TEST F2 (bbox_from_instance, IoU .5, seeds pooled, 71 videos): expert-label yolo26s rip-video median 0.309 (mean 0.330; 4 of 31 rip videos above 0.85, 11 below 0.10; 27 of 40 no-rip clips with any false box) vs dense yolo26s median 0.352 (mean 0.397; 4 above 0.85, 9 below 0.10; 28 of 40 with a false box). Pooled F2 expert 0.4807 vs dense 0.5499; paired video-bootstrap delta +0.0691 [+0.0079, +0.1360] (B=1000, seed 0) = C13's +0.069 [+0.008,+0.136]; mean of seed-level F2 0.4793 / 0.5499 (= Table V 0.479 / 0.550). Dense-s per-video counts identical to the tracked pervideo_f2_test.tsv rows (0 mismatches over 71 videos).	medians .309/.352; >0.85: 4/4; <0.10: 11/9; no-rip any FP 27/28 of 40	plans/critic/codex/revision_20260915/p3_preparation/test_results/{summary.json, figure_values.tsv (37eb6b0d7d45), per_seed_video_counts.tsv (9f2ccc20536f), input_hashes_before_analysis.json}; thresholds val_frozen.json (.05/.01/.03 expert, .09/.09/.01 dense); pre-declaration 7	ICRA2027-edge	2026-09-15	verified (one declared TEST read, existing dumps)
C47	III reproducibility (review item a.10): classifier training recipe	Gate classifier 3_cls_yolo26_nano_224_best_e50_j2856380: yolo26n-cls.yaml trained from scratch (pretrained=false) on the canonical TRAIN manifest labels/classification/train.txt (per-frame label rip iff the expert bbox annotation file exists; P1 package cites process_data/build_labels.py::_has_bbox_annotation), 224 px, batch 256, seed 0, max 300 epochs / patience 50, optimizer=auto, lr0 .01, lrf .01, momentum .937 (config), weight_decay .0005 (config; Ultralytics batch scaling gives .002 effective for batch 256 - derived, not logged), warmup 3 epochs, auto_augment randaugment, erasing .4, cos_lr false. results.csv: 100 epochs logged (stopped by patience), best VAL top-1 0.847 at epoch 50 (= checkpoint e50); lr/pg0 rises 0.0099 -> 0.0199 -> 0.0298 over epochs 1-3 (3-epoch warm-up) then decays linearly (0.0202 at epoch 100 of the 300-epoch schedule, i.e. towards lrf*lr0), with the SGD groups (pg1) at one third (0.0099 peak) - the MuSGD auto pattern; NO optimizer log line is preserved for this job, so 'MuSGD(lr=.01, momentum=.9)' for the classifier is inferred from the identical auto rule logged in every student run, not read from a classifier log.	224/256/seed0/300/50; best e50 top-1 .847; warm-up 3; lr 0.03 Muon / 0.01 SGD groups	/mnt/linux/archive_cluster_runs_2026-08-26/classification/yolo26/3_nano_224/runs/RipBench_v1.2.0_yolo26n_cls_224_j2856380/{args.yaml (sha 387ec0a7...), results.csv}; classifier_checkpoint_metadata.json (P1); checkpoint args	ICRA2027-edge	2026-09-15	verified (args + results.csv); optimizer name inferred
C48	III reproducibility (review item a.10): student optimizer and software versions, exact scope	All six local args.yaml (canon_bfi_n_s1, canon_bfi_s_s3, interp_gt_s1_n_s1, kd_bfi_x_n_s1, t1_nano_k025_t024_s1_n_s1, t1_nano_k025_t024_s1_s_s3) carry identical hyper-parameters: optimizer=auto, lr0 .01, lrf .01, momentum .937 (config), weight_decay .0005, warmup 3, randaugment, erasing .4, cos_lr false, imgsz 640, batch 32, workers 6 (cluster twin: workers 16); epochs/patience 300/50 (expert, KD) or 60/15 (dense, interpolated). Resolved line 'optimizer: MuSGD(lr=0.01, momentum=0.9) with parameter groups ... weight(decay=0.0005)' appears in 58 of the 70 cluster job logs (every completed run; the other 12 are aborted/partial starts) and 9 times in the local queue log (the six local runs incl. resumes) - so it holds for every arm with a preserved log, not only the dense-small runs. results.csv of n and s runs show the same schedule as the classifier: pg0 peak 0.0298 (Muon groups) / pg1 0.0099 (SGD groups) after a 3-epoch warm-up, linear decay. Versions: every cluster run (L40/L40s) Ultralytics 8.4.92, Python 3.10.12, torch 2.11.0+cu130; the six local runs above (RTX 4090) Ultralytics 8.4.92, Python 3.11.10, torch 2.5.1+cu121.	MuSGD lr .01 (Muon groups x3) / momentum .9 / wd .0005; 8.4.92; 3.10.12+2.11.0+cu130 cluster; 3.11.10+2.5.1+cu121 local (6 runs)	/mnt/linux/icra_edge/runs/<run>/args.yaml and results.csv; /mnt/linux/icra_edge/cluster_pull/outputs/*.out (grep MuSGD / Ultralytics banner); /mnt/linux/icra_edge/train_student_queue.log	ICRA2027-edge	2026-09-15	verified (logs + args)
C49	III reproducibility (review item a.10): teacher label linking / smoothing algorithm	build_teacher_view.py (private sha256 887125a5f1bdd222...; public release commit b2dd4cb code/build_teacher_view.py sha b26205944f01a29d..., differing only in scrubbed paths): per native frame, RF-DETR-Seg-nano candidates with score >= .02 as mask bounding rects (BOX_SOURCE rect); window k = round(0.25*fps) frames on each side; for every box at frame t and every window frame u in [max(0,t-k), min(N-1,t+k)], the candidate with the highest IoU (argmax, NOT one-to-one) counts with its score if IoU >= .5, otherwise 0 (frames without candidates count 0); smoothed score = (own score + matched scores)/n_window; coordinates = score-weighted mean of the matched boxes; boxes with smoothed score >= TAU = .24 are kept, then per-frame NMS at IoU .5 on the smoothed boxes; boxes narrower or shorter than 2 px dropped; frames left without a box are dropped (KEEP_EMPTY_RIP_FRAMES false); expert-annotated frames keep their expert labels; no-rip videos' frames enter as negatives (INCLUDE_NEGATIVE_VIDEOS); stride s keeps native frames n with n % s == 0 among the added frames.	k=round(.25*fps); IoU .5; TAU .24; NMS .5; min 2 px	code/build_teacher_view.py (smooth_video lines 106-135, main lines 255-270, write_label 152-164); snapshot code/build_teacher_view.py	ICRA2027-edge	2026-09-15	verified (code read)
C50	III reproducibility (review item a.10): interpolated expert view (SDF densifier)	Interpolated view = dataset file labels/video_instance_segmentation/ytvis_dense_interp/train.json produced by the video-model work's densifier build_dense_view.py (external path /mnt/linux/RipBench/train/video_models/ytvis_view/build_dense_view.py, sha256 26e676c2b4958ae5..., 2026-08-02; snapshot code/video_models_build_dense_view.py): instance identity = the YTVIS sparse tracks of the dataset (built by greedy IoU linking of the per-frame instance annotations, per the json info); native frames are densified ONLY between consecutive annotated sampled frames of a rip video; per track, when both endpoints have masks: SDF(mask) = distanceTransform(L2, 3x3) inside minus outside, computed at a working scale of at most 1920 px on the long side (nearest-neighbour resizes), blended (1-w)*SDF_a + w*SDF_b with w = (k-i)/(j-i) for native frame k between annotated frames i<j, interpolated mask = blend >= 0, box = its bounding rect; when only one endpoint has a mask the annotated endpoint's mask is copied (nearest); frames before the first / after the last annotated frame are not densified; the interpolation variant passed the video-model work's gate on 2026-08-02 (SDF median IoU 0.99, 93 % of gaps >= 0.77). build_interp_view.py (sha f47e9521393a52e3..., byte-identical in the public release) converts this json to YOLO boxes (mask rects) with STRIDE and INCLUDE_NEGATIVE_VIDEOS, keeping expert labels on annotated frames (GT_ONLY_FRAMES for the spacing sweep).	SDF L2 blend, threshold 0, <=1920 px working scale; gate median IoU .99 / 93% >= .77	build_dense_view.py lines 51-56, 67-95, 108-175; build_interp_view.py header/constants; ytvis_dense_interp/train.json info	ICRA2027-edge	2026-09-15	verified (code read; gate figures from the densifier's own comment)
C51	IV alarm policies (review item g.01-g.03): matched-target comparison on the reference detector	Cached causal 1 Hz replay of the benchmark RF-DETR-n TEST dump with the gate classifier, 31 rip / 40 no-rip videos, thresholds frozen on VAL at two targets. Recall-matched target: detector-only (D .48) recall 0.774 [0.61,0.90], false-clip fraction 0.050, timely recall (<=10 s) 0.774, 1.000 detector calls per tick; gated (D .48 / C .0001) gives identical PER-VIDEO alarm outcomes (per-video hit, false-clip and timely-hit records coincide; deltas exactly 0.000 [0.000,0.000] for recall, false fraction and timely recall; individual ticks are not claimed identical, since the gate suppressed about 18 % of invocations) at 0.819 calls per tick, i.e. -0.1808 [-0.2738,-0.1072]; classifier-only (C .98) matches recall (+0.0000 [-0.1935,+0.2258]) with zero detector calls but +0.1500 [+0.0000,+0.3000] false-clip fraction (0.200 vs 0.050); two-tick persistence (D .42) -0.0323 [-0.0968,+0.0000] recall and -0.0250 [-0.0750,+0.0000] false fraction at no call saving (both unresolved). False-alarm-matched target: detector-only, gated and persistence coincide on all three per-video alarm metrics (0.774 recall, 0.050 false), gating saving only -0.0112 [-0.0242,-0.0017] calls per tick; classifier-only loses recall (-0.1290 [-0.2903,+0.0323], unresolved) AND does not stay matched on TEST: its false-clip fraction is 0.125 against the detector's 0.050 (the targets are validation quantities, not test guarantees). Paired stratified video bootstrap, B=1000, seed 0.	recall target: det 0.774/0.050; gated identical at 0.819 calls/tick; cls-only +0.150 false	plans/critic/codex/revision_20260915/p2_test_results/{absolute_metrics.tsv (350b1ef66b03), paired_differences.tsv (7ba4657b473d), per_video.tsv (219648ac324a), conditional_delays.json, COMPLETE.json, input_hashes_before_analysis.json}; thresholds p2_val_preparation/val_selection.json; pre-declaration 8	ICRA2027-edge	2026-09-15	verified (one declared TEST read of existing dumps)
C52	IV alarm policies: historical gate operating point on the same schedule	The historical gated operating point (detector .23 / classifier .50) on the same cached replay: recall 0.710 [0.55,0.87], false-clip fraction 0.075 [0.00,0.15], timely recall 0.710, 0.402 detector calls per tick (about 60 % fewer invocations than always-on), conditional delay median 0.0 s / p90 0.9 s over 22 alarmed videos. It therefore trades recall (vs 0.774 at the VAL recall-matched detector threshold) for a much lower invocation rate; this is the reference detector's cached replay, NOT the board configuration or a measured power result.	0.710 recall, 0.075 false, 0.402 calls/tick	same outputs as C51 (case historical/gated)	ICRA2027-edge	2026-09-15	verified
C53	3_method / review item b: exact per-view TRAIN composition (independently recounted)	Recounted directly from each built view's train.txt and label files (not from the package table, which it confirms): native TRAIN frames 191,619; expert anchors retained in EVERY view 31,083 (20,758 with a box, 10,325 without, the latter being annotated frames of rip videos with no rip box plus no-rip video frames); eligible unannotated frames 160,536. Teacher views (tau .24 after smoothing) keep an added frame only if it has a surviving box or belongs to a no-rip video: stride 1 adds 160,175 (105,730 positive + 54,445 negative), dropping 361 eligible rip frames whose smoothed teacher output was empty -> 191,258 images (126,488 positive / 64,770 negative); stride 2 adds 77,304 (51,311 + 25,993), dropping 164 -> 108,387 (72,069 / 36,318); stride 4 adds 38,526 (25,666 + 12,860), dropping 81 -> 69,609 (46,424 / 23,185). The stride applies ONLY to added frames and is a modulo test on the native frame index (verified: every stride-2 added frame has an even index and every stride-4 frame an index divisible by 4; the sets nest s4 subset of s2 subset of s1, and the stride-2/4 counts equal exactly the even / divisible-by-4 subsets of the stride-1 added frames), so the views are NOT 191k/2 and 191k/4. The interpolated expert view adds 160,530 frames (106,085 positive + 54,445 negative; 155,176 boxes) for 191,613 images (126,843 / 64,770), i.e. it drops only the 6 eligible frames where interpolation produced no mask, and it shares the teacher views' 54,445 no-rip negatives.	191,619 native; 31,083 anchors (20,758/10,325); added 160,175 / 77,304 / 38,526 (teacher s1/s2/s4) and 160,530 (interp); dropped 361/164/81 and 6; totals 191,258 / 108,387 / 69,609 / 191,613	recount of <data-root>/icra_edge_views/{t1_rfdetr_seg_nano_k0.25_t0.24_s1,_s2,_s4,interp_gt_s1}/train.txt + label files by ICRA2027-edge 2026-09-15; agrees cell for cell with plans/critic/codex/revision_20260915/training_view_counts.tsv and interpolation_train_label_audit.json; train_frames_manifest.tsv (n_extracted sum 191,619); build_info.json of each view	ICRA2027-edge	2026-09-15	verified (independent recount)
C54	Dataset identity / P7 (review-adjacent, author request): RipBench vs RipVIS provenance	From the camera-ready provenance records (content-matched video mapping, not id numbering): the evaluation collection has 304 videos (152 rip + 152 non-rip) and 51,011 annotated sampled frames; 183 videos are inherited from RipVIS (150 rip + 33 non-rip) and 121 are new footage (2 rip + 119 non-rip), the new footage contributing 15,051 of the 51,011 frames (29.5 %; the previously posted 15,148 assumed a different new-video slot and is superseded by the content match, pending the author's confirmation). All videos were re-annotated for this collection at >= 5 fps in frame order (the RipVIS export's frame ordering could not be relied on), giving 41,547 rip instance annotations over 29,415 rip-annotated sampled frames (+2,466 additional stills) and 344 negative frames inside rip videos. Split s1.3 is video-disjoint: train 165 videos / 31,083 frames (91 rip), val 68 / 10,369 (30 rip), test 71 / 9,559 (31 rip). The splits differ from RipVIS: four videos that were in the RipVIS validation split are in this test split (059, 072, 079, 147; 513 frames) and were excluded for the transfer analysis, while no RipVIS training video is in this test split; non-rip video ids are renumbered relative to RipVIS, rip ids coincide.	304 videos (152/152); 51,011 frames; 183 inherited / 121 new; 15,051 new-footage frames (29.5 %); 41,547 instances; splits 165/68/71 videos, 31,083/10,369/9,559 frames; 4 former RipVIS-val videos in test	RipBench v1.2.0 dataset accounting (Sec 3.3/4.1/4.2 rows, 2026-08-25) and camera_ready/provenance/{accounting.md, ripvis_ripbench_video_mapping.json, README.md}; eval/dataset_accounting.py; eval/results/transfer_clean_subset.tsv; memory note ripbench-provenance-mapping	ICRA2027-edge	2026-09-15	verified (existing records; 15,051 vs posted 15,148 flagged)
C55	III / IV (review item g.04): where the 0.50 gate threshold and the 0.90 classifier-only threshold come from	Two DIFFERENT validation studies, and the mapping must name both. (a) Gate 0.50: cascade_simulation.py selects the largest gate threshold whose FRAME-level val F2 stays within 0.005 of the ungated model, for the deployed dense yolo26n at its val-frozen confidence 0.04 on the bbox_from_instance val split, with the classifier scored through its own training transform. Reproduced on VAL today (no test read): always-on 0.5026, tolerance 0.4976, gated F2 0.4984 at 0.50 and 0.4972 at 0.55, so 0.50 is the largest passing threshold; the same for k-of-n 2/3 and 3/5. Scope note: the rule applied to the canonical expert-label student (conf 0.03) would select NO gate (every positive threshold loses more than 0.005), so 0.50 is specific to the deployed configuration, not a property of the classifier alone. (b) Classifier-only 0.90 is NOT that rule: classify_only_alarm_val.py maximises VAL VIDEO-F2 over a 0.1-0.9 grid with ties resolved to the higher threshold, and 0.8 and 0.9 tie at video-F2 0.844 (rip videos alarmed 0.867, no-rip false-episode clips 0.211), so 0.90 is chosen. (c) The separate gate-candidate study (gate_candidates_val.tsv, five classifiers x 0.1-0.8) ranks by val video-F2 with the dense student behind the gate and shows the deployed yolo26n-224 classifier at 0.811 video-F2 at thresholds 0.4-0.6; it did not set the deployed 0.50.	0.50 from 0.005 frame-F2 tolerance (0.4984 vs 0.5026, 0.55 -> 0.4972); 0.90 from val video-F2 0.844 tie broken upward	code/cascade_simulation.py lines 92-97 + results/cascade_sim.tsv (selected_on=val at 0.50); VAL-only re-run by ICRA2027-edge 2026-09-15 (log /tmp gate_val_sweep; values above); classify_only_alarm_val.py (selection rule in its docstring) + results/classify_only_alarm_val.tsv (selected *); results/gate_candidates_val.tsv; paper/TEST_CONSUMPTION.md 2026-09-04 20:31/20:32 and 2026-09-07 06:53	ICRA2027-edge	2026-09-15	verified (rule reproduced on VAL)
C56	IV (review item i): configuration chronology and which camera records precede which repair	Order of record, from paper/TEST_CONSUMPTION.md and JOBS.md: (1) 2026-08-26 the gate threshold 0.50 is selected on VAL (cascade_sim); (2) 2026-09-04 20:31-20:32 pre-declarations 1-2 fix the deployed configuration for Sec. V (gated cascade, dense yolo26n at 384 px, gate 0.50) and the 0.005 device-vs-workstation fidelity gate; the original configuration's test reads follow; (3) 2026-09-07 06:25 GATE PREPROCESSING CORRECTION - the deployed gate is scored through the classifier's training transform (centre crop) instead of the letterbox path (the letterbox path agreed with the offline gate on only 84.2 % of val frames); this is a correction, not a new selection; (4) 2026-09-07 06:33-06:43 pre-declarations 3, 4 and amended 4 fix the per-board rule (fits = cached pipeline <= 1 s; deployed = highest VAL video-F2 at frame-frozen confidences; ties -> smaller model) BEFORE any board-fitted read, i.e. after the original configuration's test knowledge existed; 06:40 freezes the alarm-level operating points on VAL and 06:53 pre-declares the classification-only scenario; (5) 2026-09-07 08:04 and 11:09 the Orin and RPi 5 board-fitted cascade test reads; (6) 2026-09-08 the RF-DETR INTER_AREA preprocessing re-dumps; (7) 2026-09-12 01:28-01:32 the cascade v2 correction (tight-view confidences) and the extended per-board reads. Camera records: ALL Table II windows (2026-09-10 night_camera, 09-11 pi4_heatsink / pi5, 09-12 pi4_bare / i.MX95 FRDM) postdate both the gate-transform correction (09-07) and the RF INTER_AREA re-dumps (09-08); the source-health repair validation (source_health_20260912) postdates the 09-10 and 09-11 windows and precedes only the 09-12 ones, so it is a later diagnostic for most camera rows, not the runtime they ran.	chronology as listed; camera windows 09-10..09-12 all after the 09-07 and 09-08 repairs; source-health validation 09-12 after most windows	paper/TEST_CONSUMPTION.md lines 109-131; paper/RESULTS.md sections dated 2026-09-07 06:25/06:29/06:34 and 2026-09-12 01:28; device_results/{night_camera_20260910, pi4_heatsink_camera_20260911, pi5_norip_20260911, pi4_bare_camera_20260912, imx95_frdm_*_20260912, source_health_20260912}	ICRA2027-edge	2026-09-15	verified (records)
C57	IV / Table II (review item j.01-j.03): delivered cadence, invocation rate and deadline records per board and scene	Verified: the prepared camera_window_metadata.tsv covers EXACTLY the 56 windows behind Table II (same board/scene/policy keys, identical mean power and decisions/s, all 56 result.json files present with matching sha256). Delivered cadence at the 1 Hz schedule (ticks per elapsed second) is 0.998-1.000 on every board in both scenes under the gated and the detector-only policies, so the schedule was met, not approximated; the ADAPTIVE policy instead lowers the tick rate in the no-rip scene to 0.20-0.28 ticks/s while keeping about 0.99 detector calls per tick, i.e. it saves work by slowing the schedule rather than by suppressing invocations. Under the gate, the no-rip scene records a MEASURED ZERO detector calls per tick on all seven units (0.0000, from 0 calls over ~600 ticks), while the rip scene runs 0.94-0.99 calls per tick. Deadline misses are 0 in every window except the four Nano windows, which each miss exactly 1 of about 600 ticks. Acceptance: 32 windows from the completed board review, 16 accepted through PI4_CAMERA_ACCEPTANCE_V1.json, 5 through FRDM_CAMERA_ACCEPTANCE_V1.json, 3 power-rejected (the FRDM adaptive rip and no-rip windows and the FRDM detector-only no-rip window: their cadence and call counts are measured, only their power record failed the sampling contract). Warm-up/thermal: start and end SoC temperatures exist for 48 of 56 windows (all boards except the Orin, which logs throttle flags only); no throttle flag is set in any window. Four separately identified Shelly Plug M Gen3 meters (32/8/8/8 windows). Lighting is recorded as a user-confirmed dark room with no illuminance measurement (4 windows carry an explicit dawn/daylight caveat). Meter uncertainty: the manufacturer's specification was not matched to a calibration in the campaign evidence, so absolute meter accuracy stays UNKNOWN; window and pair are the replicate unit and 1 Hz meter samples are not independent replicates.	ticks/s 0.998-1.000 gated; adaptive no-rip 0.20-0.28 ticks/s at ~0.99 calls/tick; gated no-rip 0.0000 calls/tick (measured zero); Nano 1 missed deadline per window, 0 elsewhere; 32+16+5 accepted, 3 power-rejected; thermal 48/56; 4 meters	ICRA_2027/revision_20260915/camera_gated_adaptive_14rows.tsv (built 2026-09-15 by ICRA2027-edge from plans/critic/codex/revision_20260915/camera_window_metadata.tsv, verified against results/camera_policy_rows.tsv and the 56 source result.json files); acceptance records device_results/paper_writing_20260912/*_CAMERA_ACCEPTANCE_V1.json; meter note plans/critic/codex/revision_20260915/METER_SPEC_CHECK.md	ICRA2027-edge	2026-09-15	verified (metadata vs table, hashes, 14-row extract)
C58	IV camera (review item e.02/j.01/l.01-l.02): measured expert-label yolo26s Pi 4 pairs, rip scene	New paired campaign on the heatsinked RPi 4 (serial 100000000c5bb937) at the historical operating point with the SELECTED detector, verified by the source owner against the board package: expert-label yolo26s (canon_bfi_s_s1_best_e1_384.onnx, sha256 f583eb17...) at confidence 0.07 behind the 224 px gate at 0.50 (yolo26n_cls_224_gate.onnx, sha256 17df962a...), CPU FP32, 4 threads, 1 Hz period, stale limit 2 s, same-frame input, 600 s camera windows, three rip pairs run as detector-only/gated alternating within each pair. All 12 executed windows completed with exactly 600 valid ticks, 0 deadline misses and accepted power records. Per-window detector invocation: detector-only 600 calls (1.0000 per tick) in all three windows; gated 491, 491 and 486 calls (0.8183, 0.8183, 0.8100 per tick), i.e. the gate suppressed 18-19 % of invocations on the rip replay. Paired whole-unit power, gated minus detector-only, recomputed independently from the three accepted pairs: -0.0922, -0.1499, -0.1893 W, mean -0.1438 W, sample standard deviation 0.0488 W, range [-0.1893, -0.0922] W (identical to the board audit's values). Window/pair is the replication unit, three pairs only, and absolute meter accuracy remains unverified. Emission frame age (capture proxy, milliseconds): detector-only median 694-700, gated median 743-744 with minima near 81-84 ms, so ages are not comparable across policies. IMPORTANT SCOPE: only the RIP scene has an accepted three-pair package. The no-rip scene has 0 of 3 accepted pairs (playback acceptance failures: clock-alignment round-trip over 100 ms or unknown, incomplete playback heartbeat coverage, playback not continuously visible, and one playback interruption), so no gated no-rip saving may be claimed from this campaign; the historical dense-n no-rip rows remain the only no-rip evidence. The original pair-1 detector-only window is retained as a failed, zero-tick preparation record (PREMEASUREMENT_INTERRUPTION.json); the accepted window is its snapshot restart.	3 accepted rip pairs; gated calls/tick 0.8183/0.8183/0.8100 vs 1.0000; paired dW -0.0922/-0.1499/-0.1893, mean -0.1438, SD 0.0488; 600 ticks, 0 misses, 12/12 power accepted; no-rip 0/3 pairs accepted	device-week 21971e82 device_results/revision_20260915/{PI4_QUEUE_COMPLETION.json, CAMERA_PAIR_AUDIT.json, CAMERA_FREEZE.md, camera_results/pi4_heatsink/*/audit.json + case.json}; independent recomputation by ICRA2027-edge 2026-09-15	ICRA2027-edge	2026-09-15	verified (source-owner check; values recomputed)
C59	Figure (review item l.04): Pi 4 gated time trace, field semantics verified against the board runner	Trace exported for the first accepted gated rip window pi4_heatsink_rip_pair1_2_gated (selection rule fixed before plotting; display window [0,60) s of the measurement phase; the full 600 s record is retained). Field meanings, read from the runner sources in device_results/revision_20260915/runtime_v2/ and confirmed numerically on the 600 rows: (a) status is the SOURCE state at emission, not an availability guarantee; all 600 ticks of this window are VALID (the other states the runner can emit are INPUT_UNAVAILABLE, STALE and NO_NEW_FRAME). (b) capture_ts is a capture PROXY, not an exposure time: in replay mode it is origin + frame_index/fps of the replayed media, and in camera mode it is the host read-start timestamp; read_done_ts is when the host finished reading the frame. (c) frame_age_ms equals result_ts - capture_ts exactly (verified to 1e-9 s on all 600 rows), i.e. proxy-capture to result; in this window its median is 742.3 ms with a minimum of 82.3 ms, and the audit's valid_emission_frame_age_ms (median 742.5 ms, min 82.3, max 867.3) is the emission-referenced variant - the two differ by the sub-millisecond gap between result and emission and must not be presented as an acquisition-to-alert latency. (d) detector_hits is null when the detector was NOT invoked (109 of 600 ticks, all with gate probability below 0.50) and an integer when it ran, including 7 ticks that ran and returned ZERO boxes; detector_ran is true exactly when the gate probability reaches 0.50 (491 ticks) and detector_ms is positive exactly on those ticks. (e) the per-tick boolean is `alert`, true exactly when detector_hits > 0 (484 ticks); there is no per-tick alarm field (the JSON 'alarm' key is absent/None). (f) callbacks record 600 gate starts and ends and 491 detector starts and ends, matching the tick record. (g) power rows are HOST-side meter queries: request_start and response_done are host monotonic timestamps with round-trip median 40 ms (max 78 ms), apower_W is the plug's reported active power at response receipt (600 samples, no errors, 5.20-7.00 W); they are not internal meter sampling instants and carry no causal per-inference attribution. (h) frames_skipped counts source frames dropped between consumed frames (median 29, max 89 here) and frame_sequence is monotone. A trace of normal accepted operation does not address the physical-fault question (l.03).	600 VALID ticks; 109 not invoked / 7 invoked-with-zero-boxes / 484 alerts; 491 detector callbacks; frame_age median 742.3 ms min 82.3; power rtt median 40 ms	ICRA_2027/paper/evidence/revision_20260915/p4_trace/{trace_source.json (archive sha256 368bca6f..., source commit dbd0fbec), audit.json, case.json, playback_audit.json}; runner sources device_results/revision_20260915/runtime_v2/{run_window.py lines 55-60 and 77-82, latest_frame_runtime.py lines 73-133, detector_only_runtime.py}; numeric checks by ICRA2027-edge 2026-09-15	ICRA2027-edge	2026-09-15	verified (code + 600-row recomputation)
C60	IV camera (review item j.01/l.01-l.02): measured expert-label yolo26s Pi 4 pairs, NO-RIP scene (recovery group)	Three-pair no-rip recovery campaign on the same heatsinked RPi 4 (serial 100000000c5bb937), verified by the source owner. All six windows share one frozen configuration, identical to the rip group: expert-label yolo26s detector sha256 f583eb17... at confidence 0.07, gate sha256 17df962a... at 0.50, 4 threads, 1 s period, 2 s stale limit, same-frame input, 600 s windows. Every window completed with 600/600 VALID ticks, 0 deadline misses, accepted power (600 valid samples each, maximum sample gap 1.01-1.03 s) and accepted playback (no rejection reasons; onset within 0.02 s of target, maximum heartbeat gap 1.13-1.49 s). Detector invocations: detector-only 600 calls per window (1.000 per tick); gated 0 calls (0.000 per tick) - a measured zero, and 0 emitted alarms in all six windows. Paired whole-unit power, gated minus detector-only, recomputed independently: -1.3421669146, -1.3665493720, -1.4153102357 W, mean -1.3746755075 W, sample standard deviation 0.0372426088 W, range [-1.4153102357, -1.3421669146] W (window means: detector-only 6.517, 6.545, 6.592 W; gated 5.175, 5.178, 5.176 W), i.e. about a 21 % reduction of whole-unit draw. Host-proxy emission frame age (median): 679-691 ms for detector-only windows, 99.8 ms for gated windows - the gate's ticks skip the detector, so ages are not comparable across policies. Measured thermal state (about 597 measurement samples per window, single cpu-thermal zone): detector-only windows run 67.2-77.4 C, gated windows 60.9-67.7 C, and the throttle word is 0x0 in every sample of all six windows (no throttling observed; this is a measured state, not a calibrated accuracy or an endurance claim). Accounting: 18 completed runtime/power windows in total, of which 12 form accepted pairs (6 original rip + 6 recovery no-rip); the 6 original no-rip windows remain reported as playback-excluded. Snapshot paper/evidence/revision_20260915/p4_norip_recovery1/ verified: all 46 recorded file hashes match, raw_test_read false.	paired no-rip dW -1.3422/-1.3665/-1.4153, mean -1.3747, SD 0.0372 W; gated 0.000 calls/tick and 0 alarms vs 1.000; 600 ticks 0 misses; temps 60.9-77.4 C, throttled=0x0	board commit 2566e401 via ICRA_2027/paper/evidence/revision_20260915/p4_norip_recovery1/{SNAPSHOT.json, CAMERA_PLAN_NORIP_RECOVERY1.json, NORIP_RECOVERY1_FREEZE.md, camera_results/pi4_heatsink/*/{audit,case,playback_audit}.json, thermal.jsonl}; independent recomputation by ICRA2027-edge 2026-09-15	ICRA2027-edge	2026-09-15	verified (source-owner check; values recomputed)
C61	Figure (review item l.04, Pi 5 panel): RF-DETR-n gated time trace, configuration and field semantics verified	Companion trace to C59 from the first accepted gated rip window on the RPi 5 (case pi5_rip_pair1_2_gated, board serial 57ff58a4c95dfbe5; selection rule recorded prospectively, display window [0,60) s of the measurement phase, full 600 s retained). Configuration: RF-DETR-n (rfdetr_n_det_640.onnx, sha256 aa43524ca3d1...) at confidence 0.23 behind the same 224 px gate (yolo26n_cls_224_gate.onnx, sha256 17df962a...) at 0.50, camera mode, 4 threads, 1 s period, 2 s stale limit, same-frame input, 600 s. Runtime: 600/600 VALID ticks, 0 deadline misses, all eight recorded raw files hash-verified; power accepted (600/600 valid samples, maximum gap 1.03 s, mean 9.20 W, 5.51 kJ over 599.0 s); playback accepted with no rejection reasons (onset 0.009 s from target, maximum heartbeat gap 1.31 s). Detector activity: 470 invocations (0.783 per planned tick), 130 ticks where the detector was NOT invoked (null hit count, gate probability below 0.50) and ZERO ticks that ran and returned no box, so on this board every invocation produced at least one box and alert count equals invocation count (470); callbacks record 600 gate pairs and 470 detector pairs, matching. Field semantics are identical to C59 and were re-verified on all 600 rows: frame_age_ms equals result_ts - capture_ts exactly (median 645.0 ms, min 44.5 ms, max 759.3 ms), capture_ts is the host read-start proxy in camera mode and not an exposure time, alert is true exactly when detector_hits > 0, detector_ran is true exactly when the gate probability reaches 0.50 and detector_ms is positive only then, and power rows are host-side meter queries timestamped at response receipt (round-trip median 38 ms, maximum 72 ms; 5.80-11.00 W, no errors). Normal accepted operation: this trace is not a replicated power-saving claim and does not address the physical-fault item.	600 VALID ticks, 0 misses; 470 invocations = 0.783/tick, 130 not invoked, 0 zero-box; ages median 645.0 ms min 44.5; power mean 9.20 W, rtt median 38 ms	ICRA_2027/paper/evidence/revision_20260915/p5_trace/{trace_source.json (archive sha256 224df8b0..., source commit 1da65a26), audit.json, case.json, playback_audit.json}; runner sources device_results/revision_20260915/runtime_v2/; recomputation by ICRA2027-edge 2026-09-16	ICRA2027-edge	2026-09-16	verified (code + 600-row recomputation)
C62	4_experiments / Fig. 4 (author request P6): yolo26s supervision-density ladder completed	Six new cluster runs complete the yolo26s density ladder under PRE-DECLARATION 6, with the recipe verified identical to the existing yolo26s rows: init yolo26s.pt (COCO), 640 px, batch 32, 60 epochs / patience 15, seeds 1, 2, 3, views t1_rfdetr_seg_nano_k0.25_t0.24_s4 (69,609 images) and _s2 (108,387), one frozen-confidence test read per checkpoint on both GT views. Test F2 (bbox_from_instance, mean +- population standard deviation over three seeds): expert-only 0.4793 +- 0.0543 (unchanged), teacher stride 4 0.5522 +- 0.0331, teacher stride 2 0.4924 +- 0.0119, teacher stride 1 0.5499 +- 0.0126 (unchanged); tight-view: 0.4985 +- 0.0349, 0.5452 +- 0.0186, 0.4961 +- 0.0105, 0.5567 +- 0.0185. Per-seed bfi F2: stride 4 = 0.5935 (seed 1, best epoch 2, conf .07), 0.5507 (seed 2, e2, .05), 0.5125 (seed 3, e4, .03); stride 2 = 0.4958 (seed 1, e2, .03), 0.5051 (seed 2, e3, .03), 0.4764 (seed 3, e3, .08); every confidence carries selected_on = val. Checkpoints (sha256 prefix): s4 seeds 1/2/3 = 2c46dbd6.../bd2a3e1c.../16f63e54..., s2 seeds 1/2/3 = 5cea0a05.../6fdf940f.../0f9c356c.... Descriptive reading only: the density response differs by architecture - yolo26n improves across the four views (0.483, 0.509, 0.520, 0.531) while yolo26s is nonmonotone (0.479, 0.552, 0.492, 0.550). No equivalence, significance or optimum among densities is claimed and no paired contrast was computed.	yolo26s bfi 0.4793/0.5522/0.4924/0.5499 (+-0.0543/0.0331/0.0119/0.0126); tight 0.4985/0.5452/0.4961/0.5567	results/{student_train_summary.tsv, student_eval_bfi.tsv, student_eval_tight.tsv, student_summary_by_variant.tsv} (snapshot ICRA_2027/paper/evidence/); the cluster jobs 3296349-3296354; paper/TEST_CONSUMPTION.md PRE-DECLARATION 6; verified by ICRA2027-edge 2026-09-16	ICRA2027-edge	2026-09-16	verified (six runs, complete group)
C63	IV / fault behaviour (review item l.03): Pi 4 physical USB disconnect, three cycles	Fixed-240 s physical-fault diagnostic on the heatsinked RPi 4 (serial 100000000c5bb937), case pi4_physical_usb_20260915, board commit b4e4a551, verified by the source owner from the raw archive. One frozen gated configuration: camera mode, detector confidence 0.07 behind the 0.50 gate, 4 threads, 1 s period, 2 s stale limit, same-frame input. Snapshot integrity: all 13 recorded file hashes match, raw.tar.gz matches raw_archive_sha256.txt (c77f943f...), 11 archive members, raw_test_read false. Tick algebra recomputed from raw/runtime/ticks.jsonl: 240 planned = 240 emitted = 179 VALID + 61 INPUT_UNAVAILABLE, 0 deadline misses, elapsed 240.003 s. Null-alert behaviour: alert is null on all 61 unavailable ticks (never false and never true), and every one carries a non-empty source_error (51 CAMERA_UNAVAILABLE, 5 'V4L2 capture: No such device', 5 corrupt-JPEG). Three physical cycles, confirmed by the author and by the kernel log: 6 remove and 6 add uevents on the same USB path 1-1.1:1.0 are 3 cycles x 2 video nodes (video0, video1), not 6 trials. Observed disconnected durations are 9.155, 15.821 and 25.515 s from kernel stamps (the protocol requested 5 s; actual durations come from the logs). Automatic recovery: the first VALID emission after each kernel add follows at 4.145, 4.217 and 3.832 s, i.e. range 3.832-4.217 s, with no operator action. The three outage windows account for every unavailable tick (13 + 19 + 29 = 61) and contain zero VALID emissions, so status does not interleave during an outage. Kernel/callback overlap: a detector callback spans the removal in 2 of 3 physical cycles (cycles 1 and 3; detector windows 26971.496-26971.983 and 27032.499-27033.041) and in 0 of 3 for the gate/classifier. At kernel-event granularity the same fact reads as 4 detector overlaps over 6 node removals; the cycle-level count of 2 is the correct one and matches the board's coverage field. Mechanism in exactly those two cycles: the in-flight detector result was invalidated by the source-epoch guard (source_epoch advanced 0->3 and 28->31 between tick start and emission) and emitted as null instead of a stale alarm. Those are the only 2 ticks in the run where the detector ran and the output was invalidated. Across the run no VALID emission crossed an epoch change (0 of 179), the maximum frame age on a VALID emission is 833 ms against the 2 s stale limit, gate_capture_ts equals capture_ts on all 240 ticks, and callbacks are balanced (gate 181/181 = 179 VALID ticks + the 2 invalidated, detector 147/147 = 145 valid detector decisions + those same 2 invalidated). Normal operation in the same run: 145 valid detector decisions, 144 emitted alarms, 34 VALID ticks with the detector not invoked. Kernel uevent, capture read and emission are three different event boundaries on one shared board-host monotonic clock, which is what makes the comparison below meaningful, and they are reported separately: the in-flight V4L2 read returns 'No such device' essentially at the kernel stamp (read_done 1-2 ms before the logged remove monotonic, having started 0.04-0.24 s earlier), while the first null EMISSION follows 0.147, 0.337 and 0.237 s after the removal stamp, reported as observed with no bound claimed. No instantaneous-loss claim is made, and no universal no-silent-negative claim: this is 3 cycles on 1 board in 1 configuration, and because no removal ever landed inside a gate callback the classifier-side physical overlap is uncovered, so review item l.03 stays PARTIAL. No fault-window energy comparison and no TEST access.	179 VALID + 61 INPUT_UNAVAILABLE of 240, 0 misses; alert null on 61/61; 3 cycles down 9.155/15.821/25.515 s; recovery 4.145/4.217/3.832 s (3.832-4.217); detector overlap 2/3 cycles, gate 0/3; first null emission +0.147/+0.337/+0.237 s	ICRA_2027/paper/evidence/revision_20260915/p4_physical_usb/{SNAPSHOT.json, raw.tar.gz (raw/runtime/{ticks,callbacks,capture}.jsonl, raw/usb/20260915T235330/events.jsonl), audit.json, VALIDATION_SUMMARY.json, fault_overlap.json, protocol.json, case.json, AUTHOR_CONFIRMATION.json}; board commit b4e4a551; independent recomputation by ICRA2027-edge 2026-09-16	ICRA2027-edge	2026-09-16	verified (source-owner check; all board figures reproduced from raw logs)
C64	V-B withheld-half comparison (writer Request 36): displayed dispersion for h50 variants	Rounding check of the displayed standard deviations in the withheld-half paragraph, recomputed from the per-seed TEST rows already consumed under the existing pre-declarations. No new TEST read, no bootstrap, no re-inference; means, paired intervals and seed sets are unchanged. All rows are task bbox_from_instance, split test, selected_on val, one frozen confidence per checkpoint. h50_interp_n (seeds 1/2/3, best epochs 6/4/6, confidences 0.03/0.03/0.01): F2_50 = 0.387765, 0.393771, 0.410349; mean 0.397295; population standard deviation 0.009551 (sample 0.011697). At three decimals that displays as 0.397 +- 0.010. The manuscript's +-0.009 is not a correct rounding of either the exact value (0.009551) or the retained four-decimal summary value (0.0096); it is consistent with truncation, and the tight-view standard deviation for the same variant (0.008733, retained as 0.0087) also rounds to 0.009, so a view mix-up is the second candidate origin. The writer's proposed 0.397 +- 0.010 is correct. Cross-check of the other four displayed pairs in the same paragraph, all matching the manuscript at three decimals: h50_sparse_n 0.390440 +- 0.036362, h50_interp_negall_n 0.385520 +- 0.026755, h50_sparse_s (2 seeds) 0.359835 +- 0.014901, h50_interp_s (2 seeds) 0.416014 +- 0.014760. One inconsistency found beyond the requested scope, reported and NOT applied: h50_teacher_n has exact mean 0.458189 and population standard deviation 0.009489, which rounds to 0.009 at three decimals, while the manuscript displays 0.010; the retained summary file stores 0.0095, which double-rounds up to 0.010. The two variants straddle 0.0095 (interpolation 0.009551, teacher 0.009489), so the two displayed values cannot both be correct under a single convention: rounding from exact per-seed values gives 0.010 and 0.009, rounding from the retained four-decimal file gives 0.010 and 0.010, and the manuscript currently shows 0.009 and 0.010, which matches neither. Recommendation recorded for the writer, whose call the prose is: display from the retained four-decimal summary file, since that is the artefact the ledger cites, which makes the single change to 0.397 +- 0.010 correct and leaves 0.458 +- 0.010 unchanged.	h50_interp_n seeds 0.387765/0.393771/0.410349, mean 0.397295, pop SD 0.009551 -> 0.397 +- 0.010; h50_teacher_n mean 0.458189, pop SD 0.009489 -> 0.009 exact vs 0.010 displayed	results/{student_eval_bfi.tsv, student_eval_tight.tsv, student_summary_by_variant.tsv}; manuscript ICRA_2027/paper/sections/4_experiments.tex:24-27; writer Request 36; recomputed by ICRA2027-edge 2026-09-16	ICRA2027-edge	2026-09-16	verified (rounding only; one additional inconsistency reported, not applied)
C65	Training-exposure accounting for the six expert/dense yolo26s runs (writer Request 37, review item h/m)	Owner verification of revision_20260915/HJLM_EXISTING_RECORDS.json against results/student_train_summary.tsv. No new job, test dump, prediction analysis or bootstrap; interpolation runs are excluded because the declared P5 group is still incomplete. All six rows reproduce exactly: samples_seen equals n_train_images x stopped_epoch in every case (expert canonical_bfi 31,083 images: 51, 75, 67 epochs -> 1,585,233 / 2,331,225 / 2,082,561; dense t1_rfdetr_seg_nano_k0.25_t0.24_s1 191,258 images: 16, 16, 18 epochs -> 3,060,128 / 3,060,128 / 3,442,644), and the candidate nominal selected-checkpoint exposure best_epoch x n_train_images reproduces as 31,083 / 777,075 / 528,411 (expert seeds 1, 2, 3, best epochs 1, 25, 17) and 191,258 / 191,258 / 573,774 (dense seeds 1, 2, 3, best epochs 1, 1, 3). That nominal figure IS defensible as a count of sampler presentations up to and including the selected epoch, under four stated conventions. (1) Epoch indexing is 1-based and stopped_epoch is the number of completed epochs, confirmed three independent ways: the two locally retained per-epoch logs have exactly 67 and 18 epoch rows matching their stopped_epoch, the checkpoint filenames carry the selected epoch (best_e17, best_e3) matching best_epoch, and stopped_epoch equals best_epoch + patience in all six rows. (2) No image is dropped at the epoch boundary: in the pinned trainer (ultralytics 8.4.92, conda yoloV26, as recorded in code/train_student.py) the training loader defaults to drop_last False and uses ceil(n/batch) batches, so at batch 32 an epoch is 972 batches with a final batch of 11 images (expert) and 5,977 batches with a final batch of 26 (dense), and the product is exact rather than approximate. (3) Augmentation makes the figure a LOWER bound on distinct image draws, not a count of distinct images or pixels: mosaic is 1.0 with close_mosaic 10 and erasing 0.4, and because close_mosaic applies to the last 10 epochs of epochs_max (300 expert, 60 dense) while every run stopped far earlier, mosaic was active in every epoch of all six runs including the selected ones, so each presentation composes additional images. (4) Optimizer-update counts are UNRECOVERABLE from what is saved and are marked as such: nbs 64 against batch 32 gives accumulate = 2, during the 3 warm-up epochs accumulate is interpolated per iteration, and no update counter is written to the saved args or the per-epoch logs. Validation-check counts follow the once-per-epoch default (51/16/75/16/67/18) but are directly evidenced only for the two seed-3 runs whose per-epoch logs are retained locally. One finding that bears directly on the budget confound this record documents: the two groups did NOT share a training budget. The expert runs used epochs_max 300 with patience 50, the dense runs epochs_max 60 with patience 15. Every one of the six runs terminated by early stopping and none reached epochs_max, so stopped_epoch is a deterministic function of best_epoch plus a group-specific constant, and any cross-group comparison of samples_seen or stopped_epoch measures the stopping rule as much as the data. This documents the confound only; it does not close review item h.iii, m.01 or m.02, and it is not a matched-update study.	six rows: samples_seen = n_train x stopped_epoch exactly; nominal selected exposure 31,083/777,075/528,411 (expert) and 191,258/191,258/573,774 (dense); budgets differ: 300 epochs/patience 50 vs 60/15; optimizer updates unrecoverable	results/student_train_summary.tsv; ICRA_2027/revision_20260915/HJLM_EXISTING_RECORDS.json; /mnt/linux/icra_edge/runs/{canon_bfi_s_s3,t1_nano_k025_t024_s1_s_s3}/{args.yaml,results.csv}; ultralytics 8.4.92 data/build.py and engine/trainer.py; verified by ICRA2027-edge 2026-09-16	ICRA2027-edge	2026-09-16	verified (arithmetic reproduced; conventions confirmed; update counts marked unrecoverable)
C66	V / Table VI (author request P5, review item h.i): full-split yolo26s on the interpolated expert view, three seeds	Three full-split yolo26s runs complete PRE-DECLARATION 5 (declared 2026-09-15 17:32, before submission). Cluster jobs 3296307/8/9 all COMPLETED with exit code 0: submitted 2026-09-15 17:32, started 17:38-17:40, ended 2026-09-16 01:25:37, 01:52:42 and 02:33:18, elapsed 7:45:50, 8:11:53 and 8:54:39, so the group met the author's overnight target. Recipe verified identical to the tracked yolo26s rows: init yolo26s.pt (COCO), view interp_gt_s1 (191,613 training images), 640 px, batch 32, 60 epochs / patience 15, seeds 1, 2, 3. ONE test read per checkpoint on both GT views at its own VAL-selected frozen confidence; selected_on is val on every row and no quantity was selected on test. Per-seed test F2 (bbox_from_instance): seed 1 best epoch 2 at conf 0.02 -> 0.499984 (val 0.567817), seed 2 best epoch 2 at conf 0.02 -> 0.508665 (val 0.550429), seed 3 best epoch 1 at conf 0.11 -> 0.562957 (val 0.561582); tight view 0.512759, 0.497913, 0.555120. Aggregates over the three seeds (mean +- population SD): bbox_from_instance 0.5239 +- 0.0279, AP50 0.4971, AP50-95 0.2135; tight 0.5219 +- 0.0242. Declared pooled paired video-bootstrap contrasts, computed as per-video TP/FP/FN micro-averaged over each variant's three seeds and then ONE video-level bootstrap of the delta (B = 1000, seed 0, 71 videos, 95 % percentile interval, signed second minus first): bbox_from_instance interpolation minus expert = +0.0428 [+0.0014, +0.0867] (pooled F2 0.5235 vs 0.4807); bbox_from_instance teacher minus interpolation = +0.0263 [-0.0108, +0.0678] (0.5499 vs 0.5235); tight interpolation minus expert = +0.0225 [-0.0200, +0.0842] (0.5216 vs 0.4991); tight teacher minus interpolation = +0.0353 [-0.0143, +0.0878] (0.5569 vs 0.5216). Reading, and the caution that matters: the interpolation-minus-expert interval excludes zero on the primary bbox_from_instance view but only just, with a lower bound of +0.0014, and the SAME contrast on the tight view includes zero. The gain over expert-only is therefore NOT robust across the two GT views and must not be stated as an established improvement. Teacher minus interpolation includes zero on both views. Pooled point estimates differ slightly from the seed means because pooling micro-averages per-video counts across seeds instead of averaging per-seed F2 (0.5235 pooled against 0.5239 mean on bfi); both conventions are reported above so they are not mixed. Analysis provenance: the automated finalizer's own bootstrap step silently skipped BOTH declared group pairs because its stem filter loaded only interpolation prediction dumps, so the baselines were absent. The contrasts above come from a corrected re-run that loads all nine stems and emits only the pair rows; the per-seed intervals written by the automated run are retained unchanged and were not recomputed. See C67 for the training-budget caveat that applies to the expert arm of these contrasts.	3 seeds bfi 0.5239+-0.0279 (0.4999/0.5087/0.5630), tight 0.5219+-0.0242; interp-expert +0.0428 [+0.0014,+0.0867] bfi and +0.0225 [-0.0200,+0.0842] tight; teacher-interp +0.0263 [-0.0108,+0.0678] and +0.0353 [-0.0143,+0.0878]	results/{student_train_summary.tsv, student_eval_bfi.tsv, student_eval_tight.tsv, student_summary_by_variant.tsv, student_bootstrap_cis.tsv} (snapshot ICRA_2027/paper/evidence/results/); scripts code/{bootstrap_cis.py, p5_bootstrap.py}; the cluster jobs 3296307-3296309; paper/TEST_CONSUMPTION.md PRE-DECLARATION 5; verified by ICRA2027-edge 2026-09-16	ICRA2027-edge	2026-09-16	verified (three runs, complete group; paired contrasts recomputed after a finalizer defect)
C67	Training-exposure rows for the interpolation group, extending C65 (writer Requests 37/38)	The promised interpolation rows now that the declared P5 group is complete, under the same four conventions recorded in C65 and with no new read. View interp_gt_s1 holds 191,613 training images. Seeds 1, 2, 3 selected at epochs 2, 2, 1 and stopped at 17, 17, 16, so recorded samples_seen is 3,257,421, 3,257,421 and 3,065,808, equal to n_train_images x stopped_epoch exactly in all three, and stopped_epoch equals best_epoch + patience in all three, as in the six earlier runs. Nominal selected-checkpoint exposure best_epoch x n_train_images is 383,226, 383,226 and 191,613, and it carries the C65 conventions unchanged: 1-based epoch indexing, no dropped final batch (ceil batches, so an epoch is 5,988 batches ending in a batch of 29 images at batch 32), mosaic active in every epoch so the figure is a lower bound on distinct image draws, and optimizer-update counts unrecoverable. The caveat that bears on C66: these runs used epochs_max 60 with patience 15, which is the DENSE group's budget, not the expert group's 300 with patience 50. So of the three arms contrasted in C66 the interpolation and teacher arms share a stopping rule and the expert arm does not. Any reading of the interpolation-minus-expert contrast therefore inherits the budget confound C65 documents, and it is not a matched-budget comparison. This extends the accounting only; it does not close review item h.iii, m.01 or m.02.	interp_gt_s1 191,613 images; seeds best 2/2/1 stop 17/17/16; samples_seen 3,257,421/3,257,421/3,065,808; nominal 383,226/383,226/191,613; budget 60 epochs / patience 15, matching the dense group not the expert group	results/student_train_summary.tsv (snapshot ICRA_2027/paper/evidence/results/); extends C65; verified by ICRA2027-edge 2026-09-16	ICRA2027-edge	2026-09-16	verified (arithmetic reproduced; conventions inherited from C65)
C68	IV camera + fault behaviour (review item j/l): index of the final Pi 5 board package	Index row for the board's final delivery, requested by the writer after they had reproduced the package independently. Scope of MY check is stated precisely so it is not overstated: I verified all 24 recorded snapshot hashes (0 mismatched, 0 missing), the internal arithmetic of the accepted camera summary, and the two fault packages from their own records. I did NOT recompute the per-window power integrals from raw meter logs or the per-window tick statuses, because neither the meter logs nor the per-window camera audits are inside this snapshot; those rest on the board's source-owner statements and the writer's independent recomputation of all 24 accepted windows. Paired camera power, RPi 5, 12 accepted windows forming 6 pairs, gated minus detector-only, recomputed exactly from the recorded per-pair means: RIP mean -0.850683281646 W, sample SD 0.062260198442 W (pairs -0.914133, -0.848231, -0.789685; detector-only group mean 10.125340 W, gated 9.274657 W), about a 8.4 % reduction of whole-unit draw. NO-RIP mean -4.549220974557 W, sample SD 0.051987227094 W (pairs -4.566286, -4.490846, -4.590531; detector-only 10.074428 W, gated 5.525207 W), about a 45.2 % reduction. Every per-pair difference equals its gated minus detector-only means exactly, and both group means and both SDs reproduce to 12 decimals. Dispersion convention, recorded so the two kinds are never mixed: these are SAMPLE standard deviations over 3 pairs (ddof 1), matching the Pi 4 convention in C60, whereas the student-table seed aggregates use POPULATION SD. One accounting detail that differs from the Pi 4 groups and should not be glossed: the summary records 7,196 VALID ticks while the capture accounting records 600 measurement ticks in each of the 12 windows, i.e. 7,200 emitted, so 4 ticks across the set were not VALID. The accounting also records 9 invalid capture reads spread over 4 windows (V4L2 buffer error x7, two JPEG errors), which the latest-frame policy largely absorbed. The writer's own verification file already carries this correctly and attributes the 4 ticks to three windows: pi5_rip_pair2_2_detector_only 599 VALID + 1 unavailable, pi5_rip_pair3_1_detector_only_recovery1 598 + 2, pi5_rip_pair3_2_gated_recovery1 599 + 1, with pi5_rip_pair2_1_gated at a full 600 despite 2 invalid reads. Unlike the Pi 4 rip and no-rip groups, which the same file records at 7,200 VALID and 0 unavailable, this Pi 5 set is therefore not 600 of 600 VALID in every window. Deadline misses are 0. Physical USB package (pi5_physical_usb_makeup_20260916, 120 s): 120 planned = 120 emitted = 51 VALID + 69 INPUT_UNAVAILABLE, 0 deadline misses; 3 in-runtime removal/add cycles, author-reported 3 and observed 3, all recovering automatically at 4.883, 4.000 and 4.564 s after the kernel add; exactly ONE cycle overlapped a detector callback and ZERO overlapped the classifier. A fourth removal/add observed after runtime end is retained by the board as having no inference coverage and is NOT counted as a trial; 37 unavailable ticks precede the first kernel removal and are recorded as such. Software classifier package (pi5_classifier_usb_deauth_20260916, 100 s, gated, 1 s period, 2 s stale): 100 planned = 100 emitted = 72 VALID + 28 INPUT_UNAVAILABLE, 0 deadline misses; 3 of 3 attempts landed inside a gate callback, so classifier overlap is covered here, with unavailability declared 0.018, 0.019 and 0.022 s after the kernel event, recovery 2.424, 1.397 and 7.371 s after restore, and ZERO valid emissions while disconnected in all three. The distinction that keeps l.03 honest: these three classifier overlaps were induced by Linux USB DEAUTHORIZATION, not by physical cable removal, and the board's own scope says so. They do not close the physical classifier-overlap gap recorded in C63, and calibration remains open. All seven runtime invariants are true in both packages.	Pi5 paired dW rip -0.850683 (sample SD 0.062260, ~8.4 %), no-rip -4.549221 (SD 0.051987, ~45.2 %); 7,196 VALID of 7,200 emitted; physical 3 cycles / 1 detector overlap / 0 classifier, recovery 4.883/4.000/4.564 s; software 3 gate overlaps, recovery 2.424/1.397/7.371 s; Pi4 thermal 60.9-78.4 C and Pi5 46.3-68.3 C (board file, rip+no-rip groups; C60 covers the no-rip group only, max 77.4)	ICRA_2027/paper/evidence/revision_20260915/pi5_final/{SNAPSHOT.json (24 files), PI5_ACCEPTED_CAMERA_SUMMARY.json, CAPTURE_ACCOUNTING.json, fault_results/pi5_physical_usb_makeup_20260916/*, fault_results/pi5_classifier_usb_deauth_20260916/*}; ICRA_2027/revision_20260915/BOARD_FINAL_INTEGRATION_VERIFICATION.json; board handoff d7383c74; indexed by ICRA2027-edge 2026-09-16	ICRA2027-edge	2026-09-16	indexed (hashes + internal arithmetic verified here; power integrals rest on board and writer recomputation)
